reaction,biomass_type
protein_biomass_to_biomass,protein
mRNA_biomass_to_biomass,mRNA
tRNA_biomass_to_biomass,tRNA
rRNA_biomass_to_biomass,rRNA
ncRNA_biomass_to_biomass,ncRNA
DNA_biomass_to_biomass,DNA
lipid_biomass_to_biomass,lipid
prosthetic_group_biomass_to_biomass,prosthetic_group
constituent_biomass_to_biomass,constituent
biomass_constituent_demand,constituent
peptidoglycan_biomass_to_biomass,peptidoglycan
core_structural_demand_brauns,peptidoglycan
DNA_replication,DNA
transcription_TU0_14486_from_RpoD_mono,rRNA
transcription_TU0_14487_from_RpoD_mono,rRNA
transcription_TU0_14510_from_RpoD_mono,rRNA
transcription_TU0_1181_from_RpoD_mono,rRNA
transcription_TU0_1182_with_TERM0_1116_from_RpoD_mono,rRNA
transcription_TU0_1182_with_TERM0_1115_from_RpoD_mono,rRNA
transcription_TU0_1183_with_TERM0_1117_from_RpoD_mono,rRNA
transcription_TU0_1184_with_TERM0_1117_from_RpoD_mono,rRNA
transcription_TU0_1186_from_RpoD_mono,rRNA
transcription_TU0_14524_from_RpoD_mono,rRNA
transcription_TU0_1187_from_RpoD_mono,rRNA
transcription_TU0_1188_from_RpoD_mono,rRNA
transcription_TU0_1189_from_RpoD_mono,rRNA
transcription_TU0_14528_with_TERM0_1115_from_RpoD_mono,rRNA
transcription_TU0_14528_with_TERM0_1116_from_RpoD_mono,rRNA
transcription_TU0_1190_from_RpoD_mono,rRNA
transcription_TU0_1191_from_RpoD_mono,rRNA
transcription_TU0_14530_from_RpoD_mono,rRNA
transcription_TU0_1192_from_RpoD_mono,rRNA
transcription_TU0_14533_from_RpoD_mono,rRNA
transcription_TU0_3364_with_TERM0_1115_from_RpoD_mono,rRNA
transcription_TU0_3364_with_TERM0_1116_from_RpoD_mono,rRNA
transcription_TU0_13350_from_RpoD_mono,mRNA
transcription_TU0_7622_from_RpoD_mono,mRNA
transcription_TU00158_from_RpoD_mono,mRNA
transcription_TU0_1002_from_RpoD_mono,mRNA
transcription_TU0_4702_with_TERM0223_from_RpoD_mono,mRNA
transcription_TU0_4702_with_TERM0222_from_RpoD_mono,mRNA
transcription_TU0_3421_from_RPOE_MONOMER,mRNA
transcription_TU0_14474_from_RPOH_MONOMER,mRNA
transcription_TU0_12820_from_RpoD_mono,mRNA
transcription_TU0_14822_from_RpoD_mono,mRNA
transcription_TU0_14253_with_TERM0_1039_from_RpoD_mono,mRNA
transcription_TU0_8529_from_RpoD_mono,mRNA
transcription_TU423_with_TERM141_from_RpoD_mono,mRNA
transcription_TU0_14574_with_TERM0_1066_from_RpoD_mono,mRNA
transcription_TU0_14121_from_RpoD_mono,mRNA
transcription_TU0_13075_from_RpoD_mono,mRNA
transcription_TU0_8464_from_RpoD_mono,mRNA
transcription_TU00088_from_RpoD_mono,mRNA
transcription_TU0_13006_from_RpoD_mono,mRNA
transcription_TU0_4703_with_TERM0223_from_RpoD_mono,mRNA
transcription_TU0_4703_with_TERM0222_from_RpoD_mono,mRNA
transcription_TU0_12942_from_RpoD_mono,mRNA
transcription_TU0_6514_from_RpoD_mono,mRNA
transcription_TU0_13538_from_RpoD_mono,mRNA
transcription_TU0_13300_from_RpoD_mono,mRNA
transcription_TU00159_with_TERM64_from_RpoD_mono,mRNA
transcription_TU0_5003_from_RpoD_mono,mRNA
transcription_TU0_5003_from_RPOH_MONOMER,mRNA
transcription_TU00368_from_RpoD_mono,mRNA
transcription_TU0_13996_from_RpoD_mono,mRNA
transcription_TU0_1003_from_RPON_MONOMER,mRNA
transcription_TU0_4742_from_RpoD_mono,mRNA
transcription_TU0_12821_from_RpoD_mono,mRNA
transcription_TU0_3423_from_RPOE_MONOMER,mRNA
transcription_TU00243_with_TERM70_from_RpoD_mono,mRNA
transcription_TU0_8343_from_RpoD_mono,mRNA
transcription_TU0_5021_from_RpoD_mono,mRNA
transcription_TU0_14254_with_AROH_TERMINATOR_from_RpoD_mono,mRNA
transcription_TU0_14496_from_RpoD_mono,mRNA
transcription_TU355_from_RpoD_mono,mRNA
transcription_TU0_8469_from_RPOS_MONOMER,mRNA
transcription_TU00160_with_TERM66_from_RpoD_mono,mRNA
transcription_TU00429_from_RpoD_mono,mRNA
transcription_TU0_14052_from_RpoD_mono,mRNA
transcription_TU00293_from_RpoD_mono,mRNA
transcription_TU00023_with_TERM69_from_RpoD_mono,mRNA
transcription_TU0_3424_from_RPOE_MONOMER,mRNA
transcription_TU0_13783_from_RpoD_mono,mRNA
transcription_TU0_12809_with_TERM0_1064_from_RpoD_mono,mRNA
transcription_TU00369_from_RpoD_mono,mRNA
transcription_TU0_7701_from_RpoD_mono,mRNA
transcription_TU0_13539_from_RpoD_mono,mRNA
transcription_TU441_from_RpoD_mono,mRNA
transcription_TU0_1004_from_RPOS_MONOMER,mRNA
transcription_TU0_6550_from_RpoD_mono,mRNA
transcription_TU0_12822_from_RPOS_MONOMER,mRNA
transcription_TU0_12822_from_RpoD_mono,mRNA
transcription_TU00090_from_RpoD_mono,mRNA
transcription_TU0_13885_from_RpoD_mono,mRNA
transcription_TU0_4782_with_TERM0322_from_RpoD_mono,mRNA
transcription_TU0_3425_from_RPOE_MONOMER,mRNA
transcription_TU00161_from_RpoD_mono,mRNA
transcription_TU0_14499_from_RpoD_mono,mRNA
transcription_TU0_7722_with_TERM0_1145_from_RPOS_MONOMER,mRNA
transcription_TU0_13008_from_RpoD_mono,mRNA
transcription_TU00430_with_TERM0_1045_from_RPOH_MONOMER,mRNA
transcription_TU0_14255_with_RPLT_T2_from_RpoD_mono,mRNA
transcription_TU00295_from_RpoD_mono,mRNA
transcription_TU0_6551_from_RpoD_mono,mRNA
transcription_TU0_14606_from_RpoD_mono,mRNA
transcription_TU442_from_RpoD_mono,mRNA
transcription_TU0_4783_from_RpoD_mono,mRNA
transcription_TU00370_from_RpoD_mono,mRNA
transcription_TU00178_from_RpoD_mono,mRNA
transcription_TU0_13078_from_RpoD_mono,mRNA
transcription_TU0_14323_from_RpoD_mono,mRNA
transcription_TU0_5061_from_RpoD_mono,mRNA
transcription_TU0_1021_from_RpoD_mono,mRNA
transcription_TU0_13947_from_RpoD_mono,mRNA
transcription_TU358_from_RpoD_mono,mRNA
transcription_TU0_12823_from_RpoD_mono,mRNA
transcription_TU00162_from_RpoD_mono,mRNA
transcription_TU0_8346_from_RpoD_mono,mRNA
transcription_TU0_13998_from_RpoD_mono,mRNA
transcription_TU0_4786_with_TERM0322_from_RpoD_mono,mRNA
transcription_TU0_6552_from_RpoD_mono,mRNA
transcription_TU0_8601_from_RpoD_mono,mRNA
transcription_TU0_8472_from_RpoD_mono,mRNA
transcription_TU0_14689_from_RpoD_mono,mRNA
transcription_TU0_14689_from_RPOS_MONOMER,mRNA
transcription_TU0_13009_from_RpoD_mono,mRNA
transcription_TU443_from_RpoD_mono,mRNA
transcription_TU0_14054_from_RpoD_mono,mRNA
transcription_TU00025_from_RPOS_MONOMER,mRNA
transcription_TU00025_from_RpoD_mono,mRNA
transcription_TU00179_from_RpoD_mono,mRNA
transcription_TU0_14139_from_RpoD_mono,mRNA
transcription_TU0_13079_from_RpoD_mono,mRNA
transcription_TU0_13410_from_RpoD_mono,mRNA
transcription_TU0_12810_from_RpoD_mono,mRNA
transcription_TU0_14257_from_RpoD_mono,mRNA
transcription_TU00092_from_RpoD_mono,mRNA
transcription_TU0_14608_from_RpoD_mono,mRNA
transcription_TU0_4802_from_RpoD_mono,mRNA
transcription_TU0_4802_with_TERM0563_from_RpoD_mono,mRNA
transcription_TU0_1022_from_RpoD_mono,mRNA
transcription_TU0_6553_from_RpoD_mono,mRNA
transcription_TU788_from_RPOS_MONOMER,mRNA
transcription_TU788_from_RpoD_mono,mRNA
transcription_TU00163_from_RpoD_mono,mRNA
transcription_TU0_13240_from_RpoD_mono,mRNA
transcription_TU0_8693_from_RpoD_mono,mRNA
transcription_TU0_8533_from_RpoD_mono,mRNA
transcription_TU00246_from_RpoD_mono,mRNA
transcription_TU0_13303_from_RpoD_mono,mRNA
transcription_TU0_14501_from_RpoD_mono,mRNA
transcription_TU461_from_RpoD_mono,mRNA
transcription_TU0_8473_from_RpoD_mono,mRNA
transcription_TU0_13010_from_RpoD_mono,mRNA
transcription_TU0_13080_from_RpoD_mono,mRNA
transcription_TU0_13650_from_RpoD_mono,mRNA
transcription_TU0_13887_from_RpoD_mono,mRNA
transcription_TU0_14055_from_RpoD_mono,mRNA
transcription_TU00298_from_RpoD_mono,mRNA
transcription_TU00093_from_RpoD_mono,mRNA
transcription_TU00026_from_RpoD_mono,mRNA
transcription_TU0_13786_from_RpoD_mono,mRNA
transcription_TU0_6554_from_RpoD_mono,mRNA
transcription_TU0_14140_from_RpoD_mono,mRNA
transcription_TU361_from_RpoD_mono,mRNA
transcription_TU0_13411_from_RpoD_mono,mRNA
transcription_TU00372_from_RpoD_mono,mRNA
transcription_TU00164_from_RpoD_mono,mRNA
transcription_TU0_4823_from_RPOS_MONOMER,mRNA
transcription_TU0_14692_with_TERM0_1093_from_RPOS_MONOMER,mRNA
transcription_TU0_14692_with_TERM0_1093_from_RpoD_mono,mRNA
transcription_TU0_14609_from_RpoD_mono,mRNA
transcription_TU0_7745_from_RpoD_mono,mRNA
transcription_TU0_8534_from_RpoD_mono,mRNA
transcription_TU0_5101_from_RpoD_mono,mRNA
transcription_TU00247_from_RpoD_mono,mRNA
transcription_TU462_from_RpoD_mono,mRNA
transcription_TU0_13846_from_RpoD_mono,mRNA
transcription_TU0_14393_from_RpoD_mono,mRNA
transcription_TU0_6556_from_RpoD_mono,mRNA
transcription_TU0_14126_from_RpoD_mono,mRNA
transcription_TU0_8474_with_RPSOT1_from_RpoD_mono,mRNA
transcription_TU00094_from_RpoD_mono,mRNA
transcription_TU0_13304_from_RpoD_mono,mRNA
transcription_TU0_4881_from_RpoD_mono,mRNA
transcription_TU0_4881_with_TERM0382_from_RpoD_mono,mRNA
transcription_TU0_14056_from_RpoD_mono,mRNA
transcription_TU0_14_from_RpoD_mono,mRNA
transcription_TU00027_from_RpoD_mono,mRNA
transcription_TU00165_from_RpoD_mono,mRNA
transcription_TU0_12947_from_RpoD_mono,mRNA
transcription_TU0_13651_from_RpoD_mono,mRNA
transcription_TU0_5121_from_RPOE_MONOMER,mRNA
transcription_TU0_12812_from_RpoD_mono,mRNA
transcription_TU00373_from_RpoD_mono,mRNA
transcription_TU0_13355_from_RpoD_mono,mRNA
transcription_TU0_14693_with_TERM0_1094_from_RPOS_MONOMER,mRNA
transcription_TU0_14693_with_TERM0_1094_from_RpoD_mono,mRNA
transcription_TU0_6557_from_RpoD_mono,mRNA
transcription_TU0_1061_from_RpoD_mono,mRNA
transcription_TU482_with_TERM161_from_RpoD_mono,mRNA
transcription_TU0_12827_from_RpoD_mono,mRNA
transcription_TU00504_from_RpoD_mono,mRNA
transcription_TU00182_from_RpoD_mono,mRNA
transcription_TU00248_from_RpoD_mono,mRNA
transcription_TU0_1461_from_RpoD_mono,mRNA
transcription_TU0_5162_from_RpoD_mono,mRNA
transcription_TU0_14394_with_TERM0_1039_from_RpoD_mono,mRNA
transcription_TU0_13774_from_RpoD_mono,mRNA
transcription_TU363_from_RpoD_mono,mRNA
transcription_TU00166_from_RpoD_mono,mRNA
transcription_TU00434_with_TERM72_from_RpoD_mono,mRNA
transcription_TU00300_from_RpoD_mono,mRNA
transcription_TU0_14694_from_RpoD_mono,mRNA
transcription_TU00374_from_RpoD_mono,mRNA
transcription_TU0_5163_from_RpoD_mono,mRNA
transcription_TU483_from_RpoD_mono,mRNA
transcription_TU0_13652_from_RpoD_mono,mRNA
transcription_TU00183_from_RpoD_mono,mRNA
transcription_TU0_1062_from_RpoD_mono,mRNA
transcription_TU0_13356_from_RPOS_MONOMER,mRNA
transcription_TU0_13083_from_RpoD_mono,mRNA
transcription_TU0_13243_from_RpoD_mono,mRNA
transcription_TU0_4904_from_RPOH_MONOMER,mRNA
transcription_TU0_8353_from_RPOH_MONOMER,mRNA
transcription_TU0_3581_from_RPON_MONOMER,mRNA
transcription_TU0_14395_with_TERM0_1039_from_RpoD_mono,mRNA
transcription_TU0_6562_with_PROS_TERMINATOR_from_RpoD_mono,mRNA
transcription_TU00167_with_TERM0261_from_RpoD_mono,mRNA
transcription_TU0_14263_from_RpoD_mono,mRNA
transcription_TU0_14506_from_RpoD_mono,mRNA
transcription_TU0_5182_from_RpoD_mono,mRNA
transcription_TU0_14696_with_TERM0_1095_from_RpoD_mono,mRNA
transcription_TU0_13013_from_RpoD_mono,mRNA
transcription_TU00435_with_TERM72_from_RpoD_mono,mRNA
transcription_TU00301_from_RpoD_mono,mRNA
transcription_TU00029_from_RPON_MONOMER,mRNA
transcription_TU0_8764_from_RpoD_mono,mRNA
transcription_TU0_13713_from_RpoD_mono,mRNA
transcription_TU0_13848_from_RpoD_mono,mRNA
transcription_TU484_from_RpoD_mono,mRNA
transcription_TU0_12951_from_RpoD_mono,mRNA
transcription_TU0_4905_from_RPOS_MONOMER,mRNA
transcription_TU0_4905_from_RpoD_mono,mRNA
transcription_TU0_3602_from_RPON_MONOMER,mRNA
transcription_TU00375_from_RpoD_mono,mRNA
transcription_TU0_8681_from_RpoD_mono,mRNA
transcription_TU00184_from_RpoD_mono,mRNA
transcription_TU00097_from_RPOS_MONOMER,mRNA
transcription_TU00097_from_RpoD_mono,mRNA
transcription_TU0_5183_from_RpoD_mono,mRNA
transcription_TU0_14489_from_RpoD_mono,mRNA
transcription_TU0_14489_from_RPOH_MONOMER,mRNA
transcription_TU0_12830_from_RpoD_mono,mRNA
transcription_TU0_1601_from_RpoD_mono,mRNA
transcription_TU00168_from_RPOS_MONOMER,mRNA
transcription_TU00168_from_RpoD_mono,mRNA
transcription_TU0_8699_from_RpoD_mono,mRNA
transcription_TU0_4906_from_RpoD_mono,mRNA
transcription_TU0_14509_with_TERM0_1033_from_RpoD_mono,mRNA
transcription_TU0_8477_from_RpoD_mono,mRNA
transcription_TU0_13014_from_RpoD_mono,mRNA
transcription_TU00436_with_TERM72_from_RpoD_mono,mRNA
transcription_TU0_13172_from_RpoD_mono,mRNA
transcription_TU00302_from_RpoD_mono,mRNA
transcription_TU00030_with_TERM0621_from_RpoD_mono,mRNA
transcription_TU00185_from_RpoD_mono,mRNA
transcription_TU0_8765_from_RpoD_mono,mRNA
transcription_TU0_13714_from_RpoD_mono,mRNA
transcription_TU00098_from_RpoD_mono,mRNA
transcription_TU0_13488_with_TERM0_1097_from_RpoD_mono,mRNA
transcription_TU00377_with_TERM65_from_RpoD_mono,mRNA
transcription_TU0_1603_from_RpoD_mono,mRNA
transcription_TU0_4907_from_RpoD_mono,mRNA
transcription_TU369_with_TERM102_from_RpoD_mono,mRNA
transcription_TU369_with_TERM102_from_RPOS_MONOMER,mRNA
transcription_TU0_14328_from_RpoD_mono,mRNA
transcription_TU00169_from_RpoD_mono,mRNA
transcription_TU0_5186_from_RpoD_mono,mRNA
transcription_TU0_12831_from_RpoD_mono,mRNA
transcription_TU0_6569_with_TERM0_1108_from_RpoD_mono,mRNA
transcription_TU0_13777_from_RpoD_mono,mRNA
transcription_TU0_13173_from_RpoD_mono,mRNA
transcription_TU0_8478_from_RPOS_MONOMER,mRNA
transcription_TU0_3623_from_RPON_MONOMER,mRNA
transcription_TU0_13474_from_RpoD_mono,mRNA
transcription_TU0_1681_from_RpoD_mono,mRNA
transcription_TU00437_with_TERM72_from_RpoD_mono,mRNA
transcription_TU00031_from_RpoD_mono,mRNA
transcription_TU0_5201_from_RpoD_mono,mRNA
transcription_TU0_13715_from_RpoD_mono,mRNA
transcription_TU4_from_RpoD_mono,mRNA
transcription_TU0_14269_from_RpoD_mono,mRNA
transcription_TU00378_with_TERM65_from_RpoD_mono,mRNA
transcription_TU00170_with_TERM0_1033_from_RpoD_mono,mRNA
transcription_TU0_14699_with_TERM141_from_RpoD_mono,mRNA
transcription_TU0_4927_from_RpoD_mono,mRNA
transcription_TU0_6581_from_RpoD_mono,mRNA
transcription_TU794_from_RpoD_mono,mRNA
transcription_TU0_1106_from_RpoD_mono,mRNA
transcription_TU0_14491_from_RPOH_MONOMER,mRNA
transcription_TU00252_from_RpoD_mono,mRNA
transcription_TU0_5202_from_RpoD_mono,mRNA
transcription_TU0_14399_with_TERM0_1041_from_RpoD_mono,mRNA
transcription_TU0_13087_from_RpoD_mono,mRNA
transcription_TU0_14511_from_RpoD_mono,mRNA
transcription_TU00100_from_RpoD_mono,mRNA
transcription_TU0_7805_from_RpoD_mono,mRNA
transcription_TU0_13016_from_RpoD_mono,mRNA
transcription_TU00438_with_TERM72_from_RPOH_MONOMER,mRNA
transcription_TU0_4928_from_RpoD_mono,mRNA
transcription_TU401_with_TERM121_from_RpoD_mono,mRNA
transcription_TU00032_with_TERM0_1119_from_RpoD_mono,mRNA
transcription_TU00032_from_RpoD_mono,mRNA
transcription_TU0_14701_from_RpoD_mono,mRNA
transcription_TU0_13792_from_RpoD_mono,mRNA
transcription_TU0_8767_from_RpoD_mono,mRNA
transcription_TU0_5221_from_RpoD_mono,mRNA
transcription_TU0_13417_from_RpoD_mono,mRNA
transcription_TU00379_with_TERM65_from_RpoD_mono,mRNA
transcription_TU0_8611_from_RpoD_mono,mRNA
transcription_TU0_14272_from_RpoD_mono,mRNA
transcription_TU795_from_RpoD_mono,mRNA
transcription_TU795_from_RPOS_MONOMER,mRNA
transcription_TU0_1122_from_RpoD_mono,mRNA
transcription_TU0_14492_from_RpoD_mono,mRNA
transcription_TU0_4929_from_RpoD_mono,mRNA
transcription_TU0_13175_from_RpoD_mono,mRNA
transcription_TU0_12833_from_RpoD_mono,mRNA
transcription_TU0_36402_from_RpoD_mono,mRNA
transcription_TU0_7806_from_EG11355_MONOMER,mRNA
transcription_TU00188_from_RpoD_mono,mRNA
transcription_TU0_13088_from_RpoD_mono,mRNA
transcription_TU0_8360_from_RpoD_mono,mRNA
transcription_TU00101_from_RpoD_mono,mRNA
transcription_TU0_5261_from_RpoD_mono,mRNA
transcription_TU0_14402_from_RpoD_mono,mRNA
transcription_TU0_6583_from_RpoD_mono,mRNA
transcription_TU0_8480_from_RpoD_mono,mRNA
transcription_TU0_14702_from_RpoD_mono,mRNA
transcription_TU0_1741_from_RpoD_mono,mRNA
transcription_TU0_13549_from_RpoD_mono,mRNA
transcription_TU00172_from_RPON_MONOMER,mRNA
transcription_TU00439_from_RpoD_mono,mRNA
transcription_TU00305_from_RpoD_mono,mRNA
transcription_TU0_14004_from_RpoD_mono,mRNA
transcription_TU0_13656_from_RpoD_mono,mRNA
transcription_TU00380_with_TERM65_from_RpoD_mono,mRNA
transcription_TU0_7821_from_RpoD_mono,mRNA
transcription_TU0_12887_from_RpoD_mono,mRNA
transcription_TU0_5321_from_RpoD_mono,mRNA
transcription_TU0_8361_from_RpoD_mono,mRNA
transcription_TU796_from_RpoD_mono,mRNA
transcription_TU0_1123_from_RpoD_mono,mRNA
transcription_TU00103_from_RPOS_MONOMER,mRNA
transcription_TU0_1742_from_RpoD_mono,mRNA
transcription_TU0_14273_from_RpoD_mono,mRNA
transcription_TU00254_from_RpoD_mono,mRNA
transcription_TU0_4961_with_TERM0441_from_RpoD_mono,mRNA
transcription_TU0_14704_from_RpoD_mono,mRNA
transcription_TU0_14614_from_RpoD_mono,mRNA
transcription_TU0_14403_from_RpoD_mono,mRNA
transcription_TU00173_with_TERM0781_from_RpoD_mono,mRNA
transcription_TU0_13780_from_RpoD_mono,mRNA
transcription_TU0_14513_from_RpoD_mono,mRNA
transcription_TU0_5322_from_RpoD_mono,mRNA
transcription_TU0_8704_from_RpoD_mono,mRNA
transcription_TU0_7822_from_RpoD_mono,mRNA
transcription_TU0_13018_from_RpoD_mono,mRNA
transcription_TU00440_from_RpoD_mono,mRNA
transcription_TU0_8362_from_RpoD_mono,mRNA
transcription_TU0_14064_from_RpoD_mono,mRNA
transcription_TU00306_from_RpoD_mono,mRNA
transcription_TU00034_from_RpoD_mono,mRNA
transcription_TU0_13794_from_RpoD_mono,mRNA
transcription_TU0_13310_from_RpoD_mono,mRNA
transcription_TU0_14150_from_RpoD_mono,mRNA
transcription_TU0_13719_from_RpoD_mono,mRNA
transcription_TU0_1282_with_TERM73_from_RpoD_mono,mRNA
transcription_TU0_1282_with_TERM3_from_RpoD_mono,mRNA
transcription_TU00381_with_TERM65_from_RpoD_mono,mRNA
transcription_TU0_14005_from_RpoD_mono,mRNA
transcription_TU00104_from_RpoD_mono,mRNA
transcription_TU0_13657_from_RpoD_mono,mRNA
transcription_TU0_5341_from_RPOS_MONOMER,mRNA
transcription_TU0_1141_from_RpoD_mono,mRNA
transcription_TU0_14714_from_RpoD_mono,mRNA
transcription_TU00255_from_RpoD_mono,mRNA
transcription_TU0_5_from_RpoD_mono,mRNA
transcription_TU0_14404_from_RpoD_mono,mRNA
transcription_TU0_6623_from_RpoD_mono,mRNA
transcription_TU0_3641_from_RPON_MONOMER,mRNA
transcription_TU0_14134_from_RpoD_mono,mRNA
transcription_TU00442_from_RpoD_mono,mRNA
transcription_TU0_14615_from_RpoD_mono,mRNA
transcription_TU00035_from_RpoD_mono,mRNA
transcription_TU0_5402_with_TERM0582_from_RpoD_mono,mRNA
transcription_TU0_5402_with_TERM0583_from_RpoD_mono,mRNA
transcription_TU5_from_RpoD_mono,mRNA
transcription_TU0_14151_from_RpoD_mono,mRNA
transcription_TU00191_from_RpoD_mono,mRNA
transcription_TU0_13956_from_RpoD_mono,mRNA
transcription_TU00105_from_RPOS_MONOMER,mRNA
transcription_TU00382_with_TERM65_from_RpoD_mono,mRNA
transcription_TU0_7842_with_TERM_RPST_from_RpoD_mono,mRNA
transcription_TU0_14715_from_RpoD_mono,mRNA
transcription_TU0_13658_from_RpoD_mono,mRNA
transcription_TU0_6625_from_RpoD_mono,mRNA
transcription_TU801_from_RpoD_mono,mRNA
transcription_TU0_1142_from_RpoD_mono,mRNA
transcription_TU00256_with_TERM0161_from_RpoD_mono,mRNA
transcription_TU00443_with_TERM0902_from_RPOS_MONOMER,mRNA
transcription_TU00443_with_TERM0902_from_RpoD_mono,mRNA
transcription_TU00036_with_TERM0223_from_RpoD_mono,mRNA
transcription_TU00036_with_TERM0222_from_RpoD_mono,mRNA
transcription_TU0_8484_from_RpoD_mono,mRNA
transcription_TU0_13179_from_RpoD_mono,mRNA
transcription_TU0_36412_from_RPOS_MONOMER,mRNA
transcription_TU0_7844_with_TERM_RPST_from_RpoD_mono,mRNA
transcription_TU00192_with_GLYA_TERMINATOR_from_RpoD_mono,mRNA
transcription_TU0_13093_from_RpoD_mono,mRNA
transcription_TU00106_from_RpoD_mono,mRNA
transcription_TU00308_from_RpoD_mono,mRNA
transcription_TU0_5481_from_RpoD_mono,mRNA
transcription_TU0_13610_from_RpoD_mono,mRNA
transcription_TU0_6626_from_RpoD_mono,mRNA
transcription_TU0_6626_with_IHFA_TERMINATOR_from_RpoD_mono,mRNA
transcription_TU0_14616_from_RpoD_mono,mRNA
transcription_TU0_8772_from_RpoD_mono,mRNA
transcription_TU0_13494_from_RpoD_mono,mRNA
transcription_TU00383_with_TERM65_from_RpoD_mono,mRNA
transcription_TU0_8849_from_RpoD_mono,mRNA
transcription_TU0_13855_from_RpoD_mono,mRNA
transcription_TU0_36413_from_RpoD_mono,mRNA
transcription_TU802_from_RpoD_mono,mRNA
transcription_TU0_1143_from_RpoD_mono,mRNA
transcription_TU0_1783_from_RpoD_mono,mRNA
transcription_TU00444_with_TERM53_from_RpoD_mono,mRNA
transcription_TU0_7861_from_RPOS_MONOMER,mRNA
transcription_TU0_5501_from_RpoD_mono,mRNA
transcription_TU502_from_RpoD_mono,mRNA
transcription_TU502_from_RPOS_MONOMER,mRNA
transcription_TU0_6629_from_RpoD_mono,mRNA
transcription_TU00193_with_TERM0_1125_from_RpoD_mono,mRNA
transcription_TU00193_with_TERM0_1122_from_RpoD_mono,mRNA
transcription_TU00193_with_TERM0_1123_from_RpoD_mono,mRNA
transcription_TU00193_with_TERM0_1124_from_RpoD_mono,mRNA
transcription_TU00107_from_RpoD_mono,mRNA
transcription_TU0_36414_from_RPOS_MONOMER,mRNA
transcription_TU0_14336_from_RpoD_mono,mRNA
transcription_TU00309_from_RpoD_mono,mRNA
transcription_TU0_13799_from_RpoD_mono,mRNA
transcription_TU0_13722_from_RpoD_mono,mRNA
transcription_TU0_8773_from_RpoD_mono,mRNA
transcription_TU0_5522_from_RpoD_mono,mRNA
transcription_TU0_14276_from_EG11355_MONOMER,mRNA
transcription_TU0_13421_from_RpoD_mono,mRNA
transcription_TU0_13495_from_RpoD_mono,mRNA
transcription_TU00384_with_TERM65_from_RpoD_mono,mRNA
transcription_TU0_8855_with_PHEM_T3_from_RpoD_mono,mRNA
transcription_TU0_13660_from_RpoD_mono,mRNA
transcription_TU0_6630_from_RpoD_mono,mRNA
transcription_TU0_1161_from_RPOS_MONOMER,mRNA
transcription_TU00038_with_TERM0242_from_RpoD_mono,mRNA
transcription_TU503_from_RPOS_MONOMER,mRNA
transcription_TU0_12838_from_RpoD_mono,mRNA
transcription_TU0_36417_from_RpoD_mono,mRNA
transcription_TU00194_from_RpoD_mono,mRNA
transcription_TU00258_from_RpoD_mono,mRNA
transcription_TU00108_from_RpoD_mono,mRNA
transcription_TU0_14518_from_RpoD_mono,mRNA
transcription_TU0_8486_from_RpoD_mono,mRNA
transcription_TU0_7901_from_RpoD_mono,mRNA
transcription_TU0_14068_from_RpoD_mono,mRNA
transcription_TU00310_with_TERM52_from_RpoD_mono,mRNA
transcription_TU0_6631_from_RpoD_mono,mRNA
transcription_TU0_36418_from_RPOS_MONOMER,mRNA
transcription_TU0_36418_from_RpoD_mono,mRNA
transcription_TU0_8774_from_RpoD_mono,mRNA
transcription_TU0_8774_from_RPOH_MONOMER,mRNA
transcription_TU0_12962_from_RpoD_mono,mRNA
transcription_TU00385_from_RpoD_mono,mRNA
transcription_TU00039_from_RpoD_mono,mRNA
transcription_TU0_5543_from_RpoD_mono,mRNA
transcription_TU521_from_RpoD_mono,mRNA
transcription_TU0_13182_from_RpoD_mono,mRNA
transcription_TU841_from_RpoD_mono,mRNA
transcription_TU00195_from_RpoD_mono,mRNA
transcription_TU00517_from_RpoD_mono,mRNA
transcription_TU0_13612_from_RpoD_mono,mRNA
transcription_TU0_14618_from_RpoD_mono,mRNA
transcription_TU00109_from_RpoD_mono,mRNA
transcription_TU0_12839_from_RPOS_MONOMER,mRNA
transcription_TU0_36419_from_RPOS_MONOMER,mRNA
transcription_TU0_36419_from_RpoD_mono,mRNA
transcription_TU0_1821_from_RpoD_mono,mRNA
transcription_TU0_13959_from_RpoD_mono,mRNA
transcription_TU0_6634_with_TERM101_from_RPOS_MONOMER,mRNA
transcription_TU0_6634_with_TERM101_from_RpoD_mono,mRNA
transcription_TU0_14519_from_RpoD_mono,mRNA
transcription_TU0_5561_from_RpoD_mono,mRNA
transcription_TU0_8487_from_RpoD_mono,mRNA
transcription_TU00311_from_RpoD_mono,mRNA
transcription_TU0_13801_from_RpoD_mono,mRNA
transcription_TU0_8777_from_RpoD_mono,mRNA
transcription_TU0_12963_from_RpoD_mono,mRNA
transcription_TU522_from_RpoD_mono,mRNA
transcription_TU0_13498_from_RpoD_mono,mRNA
transcription_TU0_7981_from_RPOS_MONOMER,mRNA
transcription_TU00196_from_RpoD_mono,mRNA
transcription_TU0_8862_from_RpoD_mono,mRNA
transcription_TU00110_from_RpoD_mono,mRNA
transcription_TU0_5562_from_RpoD_mono,mRNA
transcription_TU0_6635_with_TERM70_from_RpoD_mono,mRNA
transcription_TU00260_from_RPOH_MONOMER,mRNA
transcription_TU0_36422_from_RpoD_mono,mRNA
transcription_TU0_14520_with_TERM53_from_RpoD_mono,mRNA
transcription_TU00448_with_TERM52_from_RpoD_mono,mRNA
transcription_TU0_8001_from_RpoD_mono,mRNA
transcription_TU00041_from_RPOH_MONOMER,mRNA
transcription_TU0_5564_from_RpoD_mono,mRNA
transcription_TU523_from_RpoD_mono,mRNA
transcription_TU0_1421_from_RpoD_mono,mRNA
transcription_TU0_14339_from_RpoD_mono,mRNA
transcription_TU00312_with_TERM0_1145_from_RPOS_MONOMER,mRNA
transcription_TU0_13802_from_RpoD_mono,mRNA
transcription_TU0_6636_with_TERM70_from_RpoD_mono,mRNA
transcription_TU00197_from_RpoD_mono,mRNA
transcription_TU0_13555_from_RpoD_mono,mRNA
transcription_TU00111_from_RpoD_mono,mRNA
transcription_TU0_13499_from_RpoD_mono,mRNA
transcription_TU0_1881_from_RpoD_mono,mRNA
transcription_TU862_from_RpoD_mono,mRNA
transcription_TU0_8021_from_RpoD_mono,mRNA
transcription_TU_8385_from_RPOE_MONOMER,mRNA
transcription_TU00449_with_TERM51_from_RpoD_mono,mRNA
transcription_TU0_14412_from_RpoD_mono,mRNA
transcription_TU0_6646_with_TERM88_from_RpoD_mono,mRNA
transcription_TU00042_from_RpoD_mono,mRNA
transcription_TU0_14521_with_TERM0223_from_RpoD_mono,mRNA
transcription_TU0_14521_with_TERM0222_from_RpoD_mono,mRNA
transcription_TU524_from_RpoD_mono,mRNA
transcription_TU524_with_TERM165_from_RpoD_mono,mRNA
transcription_TU0_8489_from_RpoD_mono,mRNA
transcription_TU00198_from_RpoD_mono,mRNA
transcription_TU00198_from_RPOS_MONOMER,mRNA
transcription_TU00112_from_RpoD_mono,mRNA
transcription_TU0_14340_from_RpoD_mono,mRNA
transcription_TU00313_from_RpoD_mono,mRNA
transcription_TU0_5568_from_RpoD_mono,mRNA
transcription_TU0_12965_from_RpoD_mono,mRNA
transcription_TU0_14210_from_RpoD_mono,mRNA
transcription_TU0_8864_from_RpoD_mono,mRNA
transcription_TU863_from_RpoD_mono,mRNA
transcription_TU0_1921_from_RpoD_mono,mRNA
transcription_TU0_12842_from_RpoD_mono,mRNA
transcription_TU00450_with_TERM51_from_RpoD_mono,mRNA
transcription_TU00043_from_RpoD_mono,mRNA
transcription_TU00262_from_RpoD_mono,mRNA
transcription_TU0_12894_from_RpoD_mono,mRNA
transcription_TU525_from_RpoD_mono,mRNA
transcription_TU525_with_TERM165_from_RpoD_mono,mRNA
transcription_TU0_14413_from_RpoD_mono,mRNA
transcription_TU00199_from_RpoD_mono,mRNA
transcription_TU0_13100_from_RpoD_mono,mRNA
transcription_TU0_14523_from_RpoD_mono,mRNA
transcription_TU0_8061_from_RpoD_mono,mRNA
transcription_TU0_3644_from_RpoD_mono,mRNA
transcription_TU00314_with_PRMAT1_from_RpoD_mono,mRNA
transcription_TU0_1962_from_RpoD_mono,mRNA
transcription_TU0_13805_from_RpoD_mono,mRNA
transcription_TU0_14622_from_RpoD_mono,mRNA
transcription_TU0_13727_from_RpoD_mono,mRNA
transcription_TU0_5581_from_RpoD_mono,mRNA
transcription_TU0_8865_from_RpoD_mono,mRNA
transcription_TU0_13860_from_RpoD_mono,mRNA
transcription_TU00044_from_RpoD_mono,mRNA
transcription_TU0_13557_from_RpoD_mono,mRNA
transcription_TU526_with_TERM165_from_RpoD_mono,mRNA
transcription_TU0_3645_from_RPON_MONOMER,mRNA
transcription_TU0_8081_from_RpoD_mono,mRNA
transcription_TU00200_from_RpoD_mono,mRNA
transcription_TU00522_with_TERM01021_from_RPOS_MONOMER,mRNA
transcription_TU00522_with_TERM01021_from_RpoD_mono,mRNA
transcription_TU00114_from_RPON_MONOMER,mRNA
transcription_TU0_14414_from_RpoD_mono,mRNA
transcription_TU0_6649_from_RpoD_mono,mRNA
transcription_TU0_5601_with_TERM85_from_RpoD_mono,mRNA
transcription_TU0_8491_from_RpoD_mono,mRNA
transcription_TU00315_from_RPOS_MONOMER,mRNA
transcription_TU00315_from_RpoD_mono,mRNA
transcription_TU0_3721_from_RpoD_mono,mRNA
transcription_TU0_14159_from_RpoD_mono,mRNA
transcription_TU0_8781_from_RpoD_mono,mRNA
transcription_TU0_13428_from_RpoD_mono,mRNA
transcription_TU0_14288_from_RpoD_mono,mRNA
transcription_TU0_8082_from_RPOS_MONOMER,mRNA
transcription_TU0_8082_from_RpoD_mono,mRNA
transcription_TU00045_from_RpoD_mono,mRNA
transcription_TU0_14625_from_RpoD_mono,mRNA
transcription_TU541_from_RpoD_mono,mRNA
transcription_TU541_from_RPOS_MONOMER,mRNA
transcription_TU0_13667_from_RPOH_MONOMER,mRNA
transcription_TU0_6650_from_RpoD_mono,mRNA
transcription_TU00201_from_RpoD_mono,mRNA
transcription_TU00523_with_TERM01021_from_RpoD_mono,mRNA
transcription_TU00115_from_RpoD_mono,mRNA
transcription_TU0_3723_from_RPOS_MONOMER,mRNA
transcription_TU0_3723_from_RpoD_mono,mRNA
transcription_TU_8389_with_TERM1_from_RpoD_mono,mRNA
transcription_TU0_14415_from_RpoD_mono,mRNA
transcription_TU0_14525_from_RpoD_mono,mRNA
transcription_TU0_8492_from_RpoD_mono,mRNA
transcription_TU0_8083_with_TERM0902_from_RpoD_mono,mRNA
transcription_TU00316_from_RpoD_mono,mRNA
transcription_TU0_14740_from_RpoD_mono,mRNA
transcription_TU0_13807_from_RpoD_mono,mRNA
transcription_TU0_6651_with_TERM165_from_RpoD_mono,mRNA
transcription_TU00046_from_RpoD_mono,mRNA
transcription_TU0_8782_from_RpoD_mono,mRNA
transcription_TU00391_with_TERM0_1145_from_RPOS_MONOMER,mRNA
transcription_TU0_3741_from_RpoD_mono,mRNA
transcription_TU00202_from_RPOS_MONOMER,mRNA
transcription_TU00202_from_RpoD_mono,mRNA
transcription_TU0_2001_from_RpoD_mono,mRNA
transcription_TU00524_from_RpoD_mono,mRNA
transcription_TU0_13103_from_RpoD_mono,mRNA
transcription_TU0_14015_from_RpoD_mono,mRNA
transcription_TU00116_from_RpoD_mono,mRNA
transcription_TU0_14290_from_RpoD_mono,mRNA
transcription_TU869_from_RpoD_mono,mRNA
transcription_TU0_8084_with_TERM0924_from_RpoD_mono,mRNA
transcription_TU00265_with_TERM081_from_RpoD_mono,mRNA
transcription_TU_8390_with_TERM1_from_RpoD_mono,mRNA
transcription_TU0_3841_from_RpoD_mono,mRNA
transcription_TU0_14527_with_TERM0_1143_from_RpoD_mono,mRNA
transcription_TU0_14741_from_RpoD_mono,mRNA
transcription_TU0_8493_from_RpoD_mono,mRNA
transcription_TU00454_from_RpoD_mono,mRNA
transcription_TU0_13559_from_RpoD_mono,mRNA
transcription_TU00047_from_RpoD_mono,mRNA
transcription_TU00203_with_TERM4_from_RpoD_mono,mRNA
transcription_TU0_13104_from_RpoD_mono,mRNA
transcription_TU00117_from_RpoD_mono,mRNA
transcription_TU0_8101_from_RpoD_mono,mRNA
transcription_TU0_3862_from_RPOS_MONOMER,mRNA
transcription_TU0_2041_from_RpoD_mono,mRNA
transcription_TU0_6653_with_AROF_TYRA_TERMINATOR_from_RpoD_mono,mRNA
transcription_TU870_with_TERM202_from_RpoD_mono,mRNA
transcription_TU0_12846_from_RpoD_mono,mRNA
transcription_TU0_14291_from_RpoD_mono,mRNA
transcription_TU00266_from_RpoD_mono,mRNA
transcription_TU_8391_from_RPOE_MONOMER,mRNA
transcription_TU0_8628_from_RpoD_mono,mRNA
transcription_TU0_14629_from_RpoD_mono,mRNA
transcription_TU00455_from_RpoD_mono,mRNA
transcription_TU00048_from_RpoD_mono,mRNA
transcription_TU0_8494_from_RpoD_mono,mRNA
transcription_TU0_13195_from_RpoD_mono,mRNA
transcription_TU0_3882_from_RPOS_MONOMER,mRNA
transcription_TU0_8121_with_TERM0941_from_RpoD_mono,mRNA
transcription_TU0_2042_with_TERM0703_from_RpoD_mono,mRNA
transcription_TU00204_from_RpoD_mono,mRNA
transcription_TU00527_from_RpoD_mono,mRNA
transcription_TU0_14215_from_RpoD_mono,mRNA
transcription_TU0_14076_from_RpoD_mono,mRNA
transcription_TU00320_from_RpoD_mono,mRNA
transcription_TU0_13809_from_RpoD_mono,mRNA
transcription_TU0_6654_with_TERM86_from_RpoD_mono,mRNA
transcription_TU0_14162_from_RpoD_mono,mRNA
transcription_TU0_8784_from_RpoD_mono,mRNA
transcription_TU0_14744_from_RpoD_mono,mRNA
transcription_TU871_from_RpoD_mono,mRNA
transcription_TU0_3901_from_RPOS_MONOMER,mRNA
transcription_TU0_13373_from_RpoD_mono,mRNA
transcription_TU0_12900_from_RPOH_MONOMER,mRNA
transcription_TU0_2081_from_RpoD_mono,mRNA
transcription_TU0_8629_from_RpoD_mono,mRNA
transcription_TU0_8143_from_RPOS_MONOMER,mRNA
transcription_TU00049_with_OMPC_TERMINATOR_from_RpoD_mono,mRNA
transcription_TU00267_from_RpoD_mono,mRNA
transcription_TU0_5782_from_RpoD_mono,mRNA
transcription_TU_8392_from_RPOE_MONOMER,mRNA
transcription_TU546_from_RPOS_MONOMER,mRNA
transcription_TU0_13196_from_RpoD_mono,mRNA
transcription_TU0_6657_with_RPLT_T2_from_RpoD_mono,mRNA
transcription_TU101_from_RpoD_mono,mRNA
transcription_TU00205_with_GUSAT1_from_RpoD_mono,mRNA
transcription_TU0_14292_from_RPOE_MONOMER,mRNA
transcription_TU0_14529_from_RpoD_mono,mRNA
transcription_TU0_14745_from_RpoD_mono,mRNA
transcription_TU0_14630_from_RPOS_MONOMER,mRNA
transcription_TU0_14630_from_RpoD_mono,mRNA
transcription_TU0_2082_from_RpoD_mono,mRNA
transcription_TU00321_from_RpoD_mono,mRNA
transcription_TU0_8787_from_RpoD_mono,mRNA
transcription_TU0_5843_from_RpoD_mono,mRNA
transcription_TU0_14216_from_RpoD_mono,mRNA
transcription_TU0_14018_from_RpoD_mono,mRNA
transcription_TU00457_from_RpoD_mono,mRNA
transcription_TU0_13672_from_RpoD_mono,mRNA
transcription_TU0_6658_with_TERM5_from_RpoD_mono,mRNA
transcription_TU872_from_RpoD_mono,mRNA
transcription_TU00050_from_RpoD_mono,mRNA
transcription_TU0_14746_from_RpoD_mono,mRNA
transcription_TU0_3963_from_RpoD_mono,mRNA
transcription_TU00206_from_RpoD_mono,mRNA
transcription_TU102_from_RpoD_mono,mRNA
transcription_TU00268_from_RpoD_mono,mRNA
transcription_TU00120_from_RpoD_mono,mRNA
transcription_TU0_5881_from_RpoD_mono,mRNA
transcription_TU0_14293_from_RpoD_mono,mRNA
transcription_TU0_14078_from_RpoD_mono,mRNA
transcription_TU00322_from_RPON_MONOMER,mRNA
transcription_TU0_6660_with_TERM86_from_RpoD_mono,mRNA
transcription_TU0_14631_from_RpoD_mono,mRNA
transcription_TU0_14631_from_RPOS_MONOMER,mRNA
transcription_TU0_13620_from_RpoD_mono,mRNA
transcription_TU0_14749_from_RpoD_mono,mRNA
transcription_TU0_13037_from_RpoD_mono,mRNA
transcription_TU0_5901_with_TERM0541_from_RpoD_mono,mRNA
transcription_TU0_8874_from_RpoD_mono,mRNA
transcription_TU0_13199_from_RpoD_mono,mRNA
transcription_TU0_14217_from_RpoD_mono,mRNA
transcription_TU873_from_RpoD_mono,mRNA
transcription_TU103_with_TERM7_from_RpoD_mono,mRNA
transcription_TU0_8147_from_RPOS_MONOMER,mRNA
transcription_TU00269_from_RpoD_mono,mRNA
transcription_TU0_14531_with_TERM52_from_RpoD_mono,mRNA
transcription_TU0_14750_from_RpoD_mono,mRNA
transcription_TU0_12902_from_RpoD_mono,mRNA
transcription_TU0_5903_with_TERM0541_from_RPON_MONOMER,mRNA
transcription_TU0_13038_from_RpoD_mono,mRNA
transcription_TU0_14080_from_RpoD_mono,mRNA
transcription_TU00460_from_RpoD_mono,mRNA
transcription_TU00323_from_RpoD_mono,mRNA
transcription_TU0_13735_from_RpoD_mono,mRNA
transcription_TU00052_from_RpoD_mono,mRNA
transcription_TU564_from_RpoD_mono,mRNA
transcription_TU00396_from_RPOS_MONOMER,mRNA
transcription_TU0_4001_from_RPOS_MONOMER,mRNA
transcription_TU0_8148_from_RPOS_MONOMER,mRNA
transcription_TU0_2302_from_RpoD_mono,mRNA
transcription_TU104_with_TERM7_from_RpoD_mono,mRNA
transcription_TU00208_from_RpoD_mono,mRNA
transcription_TU00122_from_RpoD_mono,mRNA
transcription_TU0_13674_from_RpoD_mono,mRNA
transcription_TU874_from_RpoD_mono,mRNA
transcription_TU00270_from_RpoD_mono,mRNA
transcription_TU0_2342_from_RpoD_mono,mRNA
transcription_TU00461_from_RpoD_mono,mRNA
transcription_TU0_8149_with_TERM0961_from_RpoD_mono,mRNA
transcription_TU0_5964_from_RpoD_mono,mRNA
transcription_TU565_from_RpoD_mono,mRNA
transcription_TU00324_from_RpoD_mono,mRNA
transcription_TU0_14166_from_RpoD_mono,mRNA
transcription_TU121_with_TERM7_from_RpoD_mono,mRNA
transcription_TU00209_from_RpoD_mono,mRNA
transcription_TU0_13736_from_RpoD_mono,mRNA
transcription_TU0_14759_from_RpoD_mono,mRNA
transcription_TU00123_from_RpoD_mono,mRNA
transcription_TU0_901_from_RpoD_mono,mRNA
transcription_TU0_4141_from_RPOE_MONOMER,mRNA
transcription_TU0_2402_from_RpoD_mono,mRNA
transcription_TU0_13675_from_RpoD_mono,mRNA
transcription_TU875_from_RpoD_mono,mRNA
transcription_TU0_14633_from_RPOS_MONOMER,mRNA
transcription_TU0_14633_from_RpoD_mono,mRNA
transcription_TU0_5981_from_RpoD_mono,mRNA
transcription_TU_8397_from_RPOE_MONOMER,mRNA
transcription_TU00054_from_RpoD_mono,mRNA
transcription_TU0_13204_from_RpoD_mono,mRNA
transcription_TU122_with_TERM7_from_RpoD_mono,mRNA
transcription_TU00124_from_RPOS_MONOMER,mRNA
transcription_TU00325_from_RpoD_mono,mRNA
transcription_TU0_5982_from_RpoD_mono,mRNA
transcription_TU0_8791_from_RpoD_mono,mRNA
transcription_TU0_13908_from_RpoD_mono,mRNA
transcription_TU0_8161_from_RpoD_mono,mRNA
transcription_TU0_14021_from_RpoD_mono,mRNA
transcription_TU0_6687_with_VALS_from_RpoD_mono,mRNA
transcription_TU876_from_RpoD_mono,mRNA
transcription_TU0_4146_from_RPOE_MONOMER,mRNA
transcription_TU0_2421_from_RpoD_mono,mRNA
transcription_TU00055_from_RpoD_mono,mRNA
transcription_TU0_6_from_RpoD_mono,mRNA
transcription_TU_8398_from_RPOE_MONOMER,mRNA
transcription_TU582_with_TERM168_from_RpoD_mono,mRNA
transcription_TU0_14634_with_TERM0924_from_RpoD_mono,mRNA
transcription_TU123_with_TERM7_from_RpoD_mono,mRNA
transcription_TU00125_from_RpoD_mono,mRNA
transcription_TU0_8181_from_RPOS_MONOMER,mRNA
transcription_TU0_4161_with_TERM0161_from_RPOE_MONOMER,mRNA
transcription_TU00326_from_RPON_MONOMER,mRNA
transcription_TU0_2422_from_RpoD_mono,mRNA
transcription_TU0_8563_from_RpoD_mono,mRNA
transcription_TU0_6702_from_RpoD_mono,mRNA
transcription_TU0_13738_from_RpoD_mono,mRNA
transcription_TU0_13512_from_RpoD_mono,mRNA
transcription_TU0_8726_from_RpoD_mono,mRNA
transcription_TU0_941_from_RpoD_mono,mRNA
transcription_TU877_from_RpoD_mono,mRNA
transcription_TU00056_from_RpoD_mono,mRNA
transcription_TU583_with_TERM168_from_RpoD_mono,mRNA
transcription_TU0_13206_from_RpoD_mono,mRNA
transcription_TU0_4181_from_RpoD_mono,mRNA
transcription_TU0_8182_from_RpoD_mono,mRNA
transcription_TU00212_from_RpoD_mono,mRNA
transcription_TU00126_from_RpoD_mono,mRNA
transcription_TU0_6021_from_RpoD_mono,mRNA
transcription_TU0_14764_from_RpoD_mono,mRNA
transcription_TU0_14536_from_RpoD_mono,mRNA
transcription_TU0_8501_from_RpoD_mono,mRNA
transcription_TU0_8564_from_RpoD_mono,mRNA
transcription_TU0_4182_from_RpoD_mono,mRNA
transcription_TU0_8793_from_RpoD_mono,mRNA
transcription_TU00057_from_RpoD_mono,mRNA
transcription_TU0_6042_from_RpoD_mono,mRNA
transcription_TU00213_from_RpoD_mono,mRNA
transcription_TU0_13268_from_RpoD_mono,mRNA
transcription_TU0_4183_from_RPOE_MONOMER,mRNA
transcription_TU0_6043_from_RpoD_mono,mRNA
transcription_TU0_14537_from_RpoD_mono,mRNA
transcription_TU0_8502_from_RpoD_mono,mRNA
transcription_TU0_14354_from_RpoD_mono,mRNA
transcription_TU00467_from_RpoD_mono,mRNA
transcription_TU0_13818_from_RpoD_mono,mRNA
transcription_TU00058_from_RpoD_mono,mRNA
transcription_TU586_with_TERM061_from_RpoD_mono,mRNA
transcription_TU586_with_TERM061_from_RPOS_MONOMER,mRNA
transcription_TU0_13209_from_RPOS_MONOMER,mRNA
transcription_TU0_4184_from_RPOE_MONOMER,mRNA
transcription_TU00214_with_TERM68_from_RpoD_mono,mRNA
transcription_TU0_13975_from_RpoD_mono,mRNA
transcription_TU00128_from_RpoD_mono,mRNA
transcription_TU0_13680_from_RpoD_mono,mRNA
transcription_TU0_13625_from_RpoD_mono,mRNA
transcription_TU0_1201_from_RpoD_mono,mRNA
transcription_TU0_6843_from_RpoD_mono,mRNA
transcription_TU0_4187_from_RpoD_mono,mRNA
transcription_TU0_12908_from_RpoD_mono,mRNA
transcription_TU0_14538_from_RpoD_mono,mRNA
transcription_TU00468_with_TERM64_from_RpoD_mono,mRNA
transcription_TU0_6223_with_TERM86_from_RpoD_mono,mRNA
transcription_TU587_with_TERM169_from_RPON_MONOMER,mRNA
transcription_TU0_13210_from_RpoD_mono,mRNA
transcription_TU0_14355_from_RpoD_mono,mRNA
transcription_TU00329_from_RPOH_MONOMER,mRNA
transcription_TU0_13819_from_RpoD_mono,mRNA
transcription_TU00215_from_RpoD_mono,mRNA
transcription_TU0_13741_from_RpoD_mono,mRNA
transcription_TU0_8795_with_TERM0_1065_from_RpoD_mono,mRNA
transcription_TU00129_from_RpoD_mono,mRNA
transcription_TU0_13440_from_RPOS_MONOMER,mRNA
transcription_TU0_13440_from_RpoD_mono,mRNA
transcription_TU0_8221_from_RpoD_mono,mRNA
transcription_TU0_963_from_RpoD_mono,mRNA
transcription_TU0_963_from_RPOS_MONOMER,mRNA
transcription_TU0_6861_from_RpoD_mono,mRNA
transcription_TU0_12856_from_RpoD_mono,mRNA
transcription_TU0_8730_from_RpoD_mono,mRNA
transcription_TU00277_with_TERM59_from_RpoD_mono,mRNA
transcription_TU_8407_from_RpoD_mono,mRNA
transcription_TU00469_from_RpoD_mono,mRNA
transcription_TU0_14439_from_RpoD_mono,mRNA
transcription_TU00060_from_RpoD_mono,mRNA
transcription_TU592_from_RpoD_mono,mRNA
transcription_TU0_13211_from_RpoD_mono,mRNA
transcription_TU0_8504_from_RpoD_mono,mRNA
transcription_TU00216_from_RpoD_mono,mRNA
transcription_TU00130_from_RpoD_mono,mRNA
transcription_TU0_14356_from_RpoD_mono,mRNA
transcription_TU0_14091_from_RpoD_mono,mRNA
transcription_TU00331_from_RpoD_mono,mRNA
transcription_TU0_6281_from_RpoD_mono,mRNA
transcription_TU0_6881_from_RpoD_mono,mRNA
transcription_TU0_13441_from_RpoD_mono,mRNA
transcription_TU0_8568_from_RpoD_mono,mRNA
transcription_TU0_964_from_RpoD_mono,mRNA
transcription_TU0_14638_from_RpoD_mono,mRNA
transcription_TU00470_from_RpoD_mono,mRNA
transcription_TU00061_from_RpoD_mono,mRNA
transcription_TU00278_from_RpoD_mono,mRNA
transcription_TU0_14443_from_RpoD_mono,mRNA
transcription_TU0_6882_from_RpoD_mono,mRNA
transcription_TU164_from_RpoD_mono,mRNA
transcription_TU0_14224_from_RpoD_mono,mRNA
transcription_TU00218_from_RpoD_mono,mRNA
transcription_TU0_13627_from_RpoD_mono,mRNA
transcription_TU00131_from_RpoD_mono,mRNA
transcription_TU0_8505_from_RpoD_mono,mRNA
transcription_TU0_13569_from_RpoD_mono,mRNA
transcription_TU00332_from_RpoD_mono,mRNA
transcription_TU0_4201_from_RpoD_mono,mRNA
transcription_TU0_8800_from_RpoD_mono,mRNA
transcription_TU0_13743_from_RpoD_mono,mRNA
transcription_TU0_6884_from_RpoD_mono,mRNA
transcription_TU0_965_from_RpoD_mono,mRNA
transcription_TU00471_with_TERM42_from_EG11355_MONOMER,mRNA
transcription_TU0_13683_from_RpoD_mono,mRNA
transcription_TU601_from_RpoD_mono,mRNA
transcription_TU0_13213_from_RpoD_mono,mRNA
transcription_TU0_14640_with_TERM0741_from_RPOS_MONOMER,mRNA
transcription_TU0_14640_with_TERM0741_from_RpoD_mono,mRNA
transcription_TU0_4202_from_RpoD_mono,mRNA
transcription_TU0_2521_from_RpoD_mono,mRNA
transcription_TU0_13119_from_RpoD_mono,mRNA
transcription_TU00219_from_RpoD_mono,mRNA
transcription_TU00132_from_RpoD_mono,mRNA
transcription_TU0_14445_from_RpoD_mono,mRNA
transcription_TU0_14225_from_RpoD_mono,mRNA
transcription_TU00333_from_RpoD_mono,mRNA
transcription_TU0_8506_from_RPOH_MONOMER,mRNA
transcription_TU0_6885_from_RpoD_mono,mRNA
transcription_TU0_8802_from_RpoD_mono,mRNA
transcription_TU0_4204_from_RPOE_MONOMER,mRNA
transcription_TU0_13915_from_RpoD_mono,mRNA
transcription_TU0_2562_with_TERM081_from_RpoD_mono,mRNA
transcription_TU0_13049_from_RpoD_mono,mRNA
transcription_TU00472_with_TERM43_from_RpoD_mono,mRNA
transcription_TU0_13443_from_RpoD_mono,mRNA
transcription_TU0_14029_from_RpoD_mono,mRNA
transcription_TU00001_from_RpoD_mono,mRNA
transcription_TU602_from_RpoD_mono,mRNA
transcription_TU0_6886_from_RpoD_mono,mRNA
transcription_TU00133_from_RpoD_mono,mRNA
transcription_TU0_14642_with_TERM0_1111_from_RpoD_mono,mRNA
transcription_TU0_8243_with_TERM01001_from_RpoD_mono,mRNA
transcription_TU00334_with_TERM0_1151_from_RpoD_mono,mRNA
transcription_TU00334_from_RpoD_mono,mRNA
transcription_TU_8412_from_RpoD_mono,mRNA
transcription_TU0_2581_with_TERM0101_from_RpoD_mono,mRNA
transcription_TU0_8804_from_RpoD_mono,mRNA
transcription_TU0_14226_from_RpoD_mono,mRNA
transcription_TU0_14302_from_RpoD_mono,mRNA
transcription_TU0_6401_from_RpoD_mono,mRNA
transcription_TU0_14547_from_RpoD_mono,mRNA
transcription_TU0_6921_from_RPOS_MONOMER,mRNA
transcription_TU0_14175_from_RpoD_mono,mRNA
transcription_TU00064_from_RpoD_mono,mRNA
transcription_TU0_13215_from_RpoD_mono,mRNA
transcription_TU0_13444_from_RpoD_mono,mRNA
transcription_TU0_13519_from_RpoD_mono,mRNA
transcription_TU0_4221_from_RPOE_MONOMER,mRNA
transcription_TU00221_from_RpoD_mono,mRNA
transcription_TU00134_from_RpoD_mono,mRNA
transcription_TU0_6403_with_TERM0_1041_from_RpoD_mono,mRNA
transcription_TU0_13386_from_RpoD_mono,mRNA
transcription_TU0_14783_from_RPON_MONOMER,mRNA
transcription_TU00335_with_TERM82_from_RpoD_mono,mRNA
transcription_TU0_6941_from_RpoD_mono,mRNA
transcription_TU0_8805_from_RpoD_mono,mRNA
transcription_TU_8414_from_RPOE_MONOMER,mRNA
transcription_TU0_2621_from_RpoD_mono,mRNA
transcription_TU0_6404_from_RpoD_mono,mRNA
transcription_TU621_from_RpoD_mono,mRNA
transcription_TU0_13824_from_RpoD_mono,mRNA
transcription_TU221_with_TERM5_from_RPON_MONOMER,mRNA
transcription_TU0_14176_from_RpoD_mono,mRNA
transcription_TU0_13918_from_RpoD_mono,mRNA
transcription_TU00222_from_EG11355_MONOMER,mRNA
transcription_TU00135_from_RpoD_mono,mRNA
transcription_TU00336_with_TERM0641_from_RpoD_mono,mRNA
transcription_TU0_13980_from_RpoD_mono,mRNA
transcription_TU0_8806_from_RpoD_mono,mRNA
transcription_TU0_6405_with_VALS_from_RpoD_mono,mRNA
transcription_TU0_14644_from_RpoD_mono,mRNA
transcription_TU00475_with_TERM53_from_RpoD_mono,mRNA
transcription_TU0_14228_from_RpoD_mono,mRNA
transcription_TU641_with_AROPT1_from_RpoD_mono,mRNA
transcription_TU0_13573_from_RpoD_mono,mRNA
transcription_TU0_2649_from_RpoD_mono,mRNA
transcription_TU241_from_RpoD_mono,mRNA
transcription_TU00223_with_TERM0_1048_from_RPOH_MONOMER,mRNA
transcription_TU0_14364_from_RpoD_mono,mRNA
transcription_TU0_14099_from_RpoD_mono,mRNA
transcription_TU0_6407_from_RpoD_mono,mRNA
transcription_TU00337_from_RpoD_mono,mRNA
transcription_TU0_8807_from_RpoD_mono,mRNA
transcription_TU0_14032_from_RpoD_mono,mRNA
transcription_TU00004_from_RpoD_mono,mRNA
transcription_TU0_2661_from_RPOS_MONOMER,mRNA
transcription_TU0_14786_from_RPON_MONOMER,mRNA
transcription_TU00476_with_OMPC_TERMINATOR_from_RpoD_mono,mRNA
transcription_TU00067_with_TERM0_1154_from_RpoD_mono,mRNA
transcription_TU00067_from_RpoD_mono,mRNA
transcription_TU0_6408_from_RPOS_MONOMER,mRNA
transcription_TU0_13218_from_RpoD_mono,mRNA
transcription_TU0_14229_from_RpoD_mono,mRNA
transcription_TU00224_from_RpoD_mono,mRNA
transcription_TU0_14550_from_RpoD_mono,mRNA
transcription_TU00137_with_TERM55_from_RpoD_mono,mRNA
transcription_TU00137_with_TERM56_from_RpoD_mono,mRNA
transcription_TU0_8510_from_RpoD_mono,mRNA
transcription_TU00338_from_RpoD_mono,mRNA
transcription_TU0_4287_from_RPOE_MONOMER,mRNA
transcription_TU0_14787_from_RPON_MONOMER,mRNA
transcription_TU0_6409_from_RpoD_mono,mRNA
transcription_TU00005_from_RpoD_mono,mRNA
transcription_TU00477_with_OMPC_TERMINATOR_from_RpoD_mono,mRNA
transcription_TU0_12789_from_RpoD_mono,mRNA
transcription_TU25_with_TERM0461_from_RpoD_mono,mRNA
transcription_TU00225_from_RpoD_mono,mRNA
transcription_TU_8421_from_RPOE_MONOMER,mRNA
transcription_TU00138_with_TERM21_from_RPOS_MONOMER,mRNA
transcription_TU0_14454_from_RPOE_MONOMER,mRNA
transcription_TU0_6422_from_RpoD_mono,mRNA
transcription_TU00339_with_TERM85_from_RpoD_mono,mRNA
transcription_TU0_14551_from_RpoD_mono,mRNA
transcription_TU0_7001_with_TERM0703_from_RpoD_mono,mRNA
transcription_TU0_13335_from_RpoD_mono,mRNA
transcription_TU0_14103_from_RpoD_mono,mRNA
transcription_TU0_4343_from_RpoD_mono,mRNA
transcription_TU0_13921_from_RpoD_mono,mRNA
transcription_TU00006_from_RpoD_mono,mRNA
transcription_TU0_7002_with_TERM82_from_RpoD_mono,mRNA
transcription_TU26_with_TERM0461_from_RpoD_mono,mRNA
transcription_TU0_12790_from_RpoD_mono,mRNA
transcription_TU00226_from_RpoD_mono,mRNA
transcription_TU0_14792_from_RPON_MONOMER,mRNA
transcription_TU0_12864_from_RpoD_mono,mRNA
transcription_TU0_14306_from_RpoD_mono,mRNA
transcription_TU00340_from_RpoD_mono,mRNA
transcription_TU0_6425_from_RpoD_mono,mRNA
transcription_TU0_14552_from_RpoD_mono,mRNA
transcription_TU0_8740_from_RpoD_mono,mRNA
transcription_TU00479_with_TERM0322_from_RpoD_mono,mRNA
transcription_TU67_from_RpoD_mono,mRNA
transcription_TU0_14793_from_RPON_MONOMER,mRNA
transcription_TU00411_from_RPOH_MONOMER,mRNA
transcription_TU0_4403_from_RPON_MONOMER,mRNA
transcription_TU0_2741_from_RpoD_mono,mRNA
transcription_TU0_13127_from_RpoD_mono,mRNA
transcription_TU00227_with_TERM0461_from_RpoD_mono,mRNA
transcription_TU0_6428_from_RpoD_mono,mRNA
transcription_TU00342_from_RPOE_MONOMER,mRNA
transcription_TU00342_from_RpoD_mono,mRNA
transcription_TU0_4404_from_RPON_MONOMER,mRNA
transcription_TU0_2742_from_RpoD_mono,mRNA
transcription_TU0_14794_from_RpoD_mono,mRNA
transcription_TU0_13058_from_RpoD_mono,mRNA
transcription_TU00480_with_TERM0322_from_RpoD_mono,mRNA
transcription_TU0_6441_from_RpoD_mono,mRNA
transcription_TU0_13829_from_RpoD_mono,mRNA
transcription_TU262_from_RpoD_mono,mRNA
transcription_TU0_13984_from_RpoD_mono,mRNA
transcription_TU0_13751_from_RpoD_mono,mRNA
transcription_TU00228_from_RpoD_mono,mRNA
transcription_TU00228_with_TERM0382_from_RpoD_mono,mRNA
transcription_TU0_12918_from_RpoD_mono,mRNA
transcription_TU00141_from_RpoD_mono,mRNA
transcription_TU0_14036_from_RpoD_mono,mRNA
transcription_TU0_13337_from_RpoD_mono,mRNA
transcription_TU00008_with_AROF_TYRA_TERMINATOR_from_RpoD_mono,mRNA
transcription_TU00343_from_RpoD_mono,mRNA
transcription_TU0_6442_from_RpoD_mono,mRNA
transcription_TU0_14649_from_RpoD_mono,mRNA
transcription_TU_8427_from_RPOE_MONOMER,mRNA
transcription_TU00481_with_TERM0322_from_RpoD_mono,mRNA
transcription_TU0_14459_from_RpoD_mono,mRNA
transcription_TU681_from_RPOS_MONOMER,mRNA
transcription_TU0_4421_with_TERM0821_from_RpoD_mono,mRNA
transcription_TU0_8301_from_RpoD_mono,mRNA
transcription_TU263_from_RpoD_mono,mRNA
transcription_TU00229_from_RpoD_mono,mRNA
transcription_TU00142_with_TERM0222_from_RpoD_mono,mRNA
transcription_TU0_6443_with_TERM0_1040_from_RpoD_mono,mRNA
transcription_TU0_13924_from_RpoD_mono,mRNA
transcription_TU00344_from_RpoD_mono,mRNA
transcription_TU0_13451_from_RpoD_mono,mRNA
transcription_TU00414_with_TERM59_from_RPOH_MONOMER,mRNA
transcription_TU0_14037_from_RpoD_mono,mRNA
transcription_TU00009_with_AROGT1_from_RpoD_mono,mRNA
transcription_TU0_8743_from_RpoD_mono,mRNA
transcription_TU0_4441_from_RPON_MONOMER,mRNA
transcription_TU0_13394_from_RpoD_mono,mRNA
transcription_TU0_3102_from_RpoD_mono,mRNA
transcription_TU0_13284_from_RPOS_MONOMER,mRNA
transcription_TU00482_with_TERM0322_from_RpoD_mono,mRNA
transcription_TU0_14650_from_RpoD_mono,mRNA
transcription_TU0_8302_from_RpoD_mono,mRNA
transcription_TU0_6444_from_RPOS_MONOMER,mRNA
transcription_TU0_6444_from_RpoD_mono,mRNA
transcription_TU682_from_RpoD_mono,mRNA
transcription_TU0_14460_from_RPOE_MONOMER,mRNA
transcription_TU0_7081_from_RpoD_mono,mRNA
transcription_TU27_with_TERM0461_from_RpoD_mono,mRNA
transcription_TU0_13130_from_RpoD_mono,mRNA
transcription_TU0_14798_with_TERM0_1144_from_RpoD_mono,mRNA
transcription_TU0_13579_from_RpoD_mono,mRNA
transcription_TU00230_from_RpoD_mono,mRNA
transcription_TU00345_with_TERM0_1132_from_RpoD_mono,mRNA
transcription_TU0_4444_with_TERM0681_from_RpoD_mono,mRNA
transcription_TU0_3103_from_RpoD_mono,mRNA
transcription_TU0_7321_from_RpoD_mono,mRNA
transcription_TU00415_with_TERM42_from_RpoD_mono,mRNA
transcription_TU0_8321_from_RpoD_mono,mRNA
transcription_TU0_14039_from_RpoD_mono,mRNA
transcription_TU0_7141_from_RpoD_mono,mRNA
transcription_TU00010_with_AROH_TERMINATOR_from_RpoD_mono,mRNA
transcription_TU0_13061_from_RpoD_mono,mRNA
transcription_TU0_6481_from_RpoD_mono,mRNA
transcription_TU00483_with_TERM0322_from_RpoD_mono,mRNA
transcription_TU00356_with_TERM0_1143_from_RpoD_mono,mRNA
transcription_TU0_14651_from_RpoD_mono,mRNA
transcription_TU0_4461_from_RpoD_mono,mRNA
transcription_TU0_8823_from_RpoD_mono,mRNA
transcription_TU0_3104_from_RpoD_mono,mRNA
transcription_TU281_from_RpoD_mono,mRNA
transcription_TU0_13636_from_RpoD_mono,mRNA
transcription_TU684_from_RpoD_mono,mRNA
transcription_TU00144_from_RpoD_mono,mRNA
transcription_TU0_14668_from_RPOS_MONOMER,mRNA
transcription_TU0_14668_from_RpoD_mono,mRNA
transcription_TU0_13225_from_RpoD_mono,mRNA
transcription_TU00346_from_RpoD_mono,mRNA
transcription_TU0_7341_with_TERM0661_from_RpoD_mono,mRNA
transcription_TU0_7161_from_RpoD_mono,mRNA
transcription_TU0_13580_from_RpoD_mono,mRNA
transcription_TU00231_with_ACCCT1_from_RpoD_mono,mRNA
transcription_TU0_8814_from_RpoD_mono,mRNA
transcription_TU0_8323_with_TERM4_from_EG11355_MONOMER,mRNA
transcription_TU0_6482_from_RpoD_mono,mRNA
transcription_TU0_4462_from_RpoD_mono,mRNA
transcription_TU0_3122_from_RpoD_mono,mRNA
transcription_TU0_14559_from_RPOH_MONOMER,mRNA
transcription_TU0_12921_from_RpoD_mono,mRNA
transcription_TU0_12995_from_RpoD_mono,mRNA
transcription_TU0_13286_from_RpoD_mono,mRNA
transcription_TU00484_from_RpoD_mono,mRNA
transcription_TU0_13453_from_RpoD_mono,mRNA
transcription_TU00416_from_RpoD_mono,mRNA
transcription_TU00280_with_TERM71_from_RpoD_mono,mRNA
transcription_TU00075_with_TERM0_1108_from_RpoD_mono,mRNA
transcription_TU00011_from_RpoD_mono,mRNA
transcription_TU0_7162_from_RpoD_mono,mRNA
transcription_TU3_from_RpoD_mono,mRNA
transcription_TU0_13396_from_RpoD_mono,mRNA
transcription_TU0_13132_from_RpoD_mono,mRNA
transcription_TU00357_from_RpoD_mono,mRNA
transcription_TU0_12933_from_RpoD_mono,mRNA
transcription_TU0_7342_from_RPOS_MONOMER,mRNA
transcription_TU0_14669_from_RpoD_mono,mRNA
transcription_TU00146_with_TERM44_from_RpoD_mono,mRNA
transcription_TU0_14652_from_RpoD_mono,mRNA
transcription_TU0_8324_from_RpoD_mono,mRNA
transcription_TU00347_with_TERM87_from_RpoD_mono,mRNA
transcription_TU0_4482_from_RPOH_MONOMER,mRNA
transcription_TU0_6483_from_RpoD_mono,mRNA
transcription_TU0_3123_from_RpoD_mono,mRNA
transcription_TU0_8815_from_RpoD_mono,mRNA
transcription_TU0_13637_from_RpoD_mono,mRNA
transcription_TU00232_from_RpoD_mono,mRNA
transcription_TU0_7163_from_RpoD_mono,mRNA
transcription_TU0_13063_from_RpoD_mono,mRNA
transcription_TU0_13287_from_RpoD_mono,mRNA
transcription_TU00485_from_RpoD_mono,mRNA
transcription_TU00076_from_RpoD_mono,mRNA
transcription_TU0_12924_from_RpoD_mono,mRNA
transcription_TU00417_from_RPOH_MONOMER,mRNA
transcription_TU0_4483_with_TERM0183_from_RpoD_mono,mRNA
transcription_TU0_3124_from_RpoD_mono,mRNA
transcription_TU301_with_TERM8_from_RpoD_mono,mRNA
transcription_TU00281_with_TERMGLYS_from_RpoD_mono,mRNA
transcription_TU0_14670_from_RpoD_mono,mRNA
transcription_TU00012_with_AROPT1_from_RpoD_mono,mRNA
transcription_TU0_14561_from_RPOH_MONOMER,mRNA
transcription_TU0_13589_from_RpoD_mono,mRNA
transcription_TU00147_from_RpoD_mono,mRNA
transcription_TU00348_from_RpoD_mono,mRNA
transcription_TU0_7164_from_RpoD_mono,mRNA
transcription_TU0_14653_from_RpoD_mono,mRNA
transcription_TU0_13935_from_RpoD_mono,mRNA
transcription_TU686_from_RPON_MONOMER,mRNA
transcription_TU0_14465_with_TERM0_1039_from_RPOH_MONOMER,mRNA
transcription_TU0_13529_from_RpoD_mono,mRNA
transcription_TU0_7401_with_TERM0702_from_RpoD_mono,mRNA
transcription_TU00233_from_RpoD_mono,mRNA
transcription_TU0_6485_with_TERM0_1109_from_RpoD_mono,mRNA
transcription_TU302_from_RpoD_mono,mRNA
transcription_TU0_13134_from_RpoD_mono,mRNA
transcription_TU0_14805_from_EG11355_MONOMER,mRNA
transcription_TU00148_from_RpoD_mono,mRNA
transcription_TU00418_from_RPOH_MONOMER,mRNA
transcription_TU0_14042_from_RpoD_mono,mRNA
transcription_TU00349_with_TERM84_from_RpoD_mono,mRNA
transcription_TU00013_from_RpoD_mono,mRNA
transcription_TU0_4502_from_RpoD_mono,mRNA
transcription_TU0_13399_from_RpoD_mono,mRNA
transcription_TU0_12797_from_RpoD_mono,mRNA
transcription_TU00359_with_SPEDT1_from_RpoD_mono,mRNA
transcription_TU0_7421_with_TERM0741_from_RPOS_MONOMER,mRNA
transcription_TU0_7421_with_TERM0741_from_RpoD_mono,mRNA
transcription_TU0_14654_from_RpoD_mono,mRNA
transcription_TU0_14562_from_RpoD_mono,mRNA
transcription_TU0_8659_from_RpoD_mono,mRNA
transcription_TU00487_from_RpoD_mono,mRNA
transcription_TU0_14466_from_RPOH_MONOMER,mRNA
transcription_TU00078_from_RpoD_mono,mRNA
transcription_TU0_14313_from_RpoD_mono,mRNA
transcription_TU0_14806_from_EG11355_MONOMER,mRNA
transcription_TU00234_with_ACRFT1_from_RpoD_mono,mRNA
transcription_TU0_4504_from_RpoD_mono,mRNA
transcription_TU0_12935_from_RpoD_mono,mRNA
transcription_TU0_3145_from_RpoD_mono,mRNA
transcription_TU0_14672_from_RpoD_mono,mRNA
transcription_TU305_with_TERM0_1047_from_RpoD_mono,mRNA
transcription_TU0_13135_from_RpoD_mono,mRNA
transcription_TU0_14113_from_RpoD_mono,mRNA
transcription_TU0_8368_from_RpoD_mono,mRNA
transcription_TU00351_from_RpoD_mono,mRNA
transcription_TU0_12926_from_RpoD_mono,mRNA
transcription_TU0_7441_from_RpoD_mono,mRNA
transcription_TU0_12998_from_RpoD_mono,mRNA
transcription_TU0_8818_from_RpoD_mono,mRNA
transcription_TU0_13639_from_RpoD_mono,mRNA
transcription_TU00283_from_RpoD_mono,mRNA
transcription_TU0_13343_from_RpoD_mono,mRNA
transcription_TU00014_from_RpoD_mono,mRNA
transcription_TU0_6501_from_RpoD_mono,mRNA
transcription_TU0_3161_from_RpoD_mono,mRNA
transcription_TU00360_from_RpoD_mono,mRNA
transcription_TU0_13066_from_RpoD_mono,mRNA
transcription_TU00488_with_TERM71_from_RpoD_mono,mRNA
transcription_TU00079_with_TERM0_1111_from_RpoD_mono,mRNA
transcription_TU701_from_RPOS_MONOMER,mRNA
transcription_TU701_from_RpoD_mono,mRNA
transcription_TU0_14673_from_RpoD_mono,mRNA
transcription_TU0_14467_with_TERM0862_from_RpoD_mono,mRNA
transcription_TU0_14467_with_TERM0862_from_RPOH_MONOMER,mRNA
transcription_TU0_14563_from_RPOH_MONOMER,mRNA
transcription_TU0_13591_from_RpoD_mono,mRNA
transcription_TU0_7202_from_RpoD_mono,mRNA
transcription_TU306_with_TERM0_1047_from_RpoD_mono,mRNA
transcription_TU0_13136_from_RpoD_mono,mRNA
transcription_TU0_14239_from_RpoD_mono,mRNA
transcription_TU0_7461_with_TERM0761_from_RpoD_mono,mRNA
transcription_TU00150_from_RpoD_mono,mRNA
transcription_TU00235_with_TERM181_from_RpoD_mono,mRNA
transcription_TU00352_with_TERM72_from_RpoD_mono,mRNA
transcription_TU0_13835_from_RpoD_mono,mRNA
transcription_TU0_14314_from_RpoD_mono,mRNA
transcription_TU0_3162_from_RpoD_mono,mRNA
transcription_TU0_8373_from_RPOE_MONOMER,mRNA
transcription_TU0_12999_from_RpoD_mono,mRNA
transcription_TU0_14658_with_TERM84_from_RpoD_mono,mRNA
transcription_TU00015_from_RpoD_mono,mRNA
transcription_TU0_12800_from_RpoD_mono,mRNA
transcription_TU00080_from_RPOS_MONOMER,mRNA
transcription_TU0_7501_with_TERM0782_from_RpoD_mono,mRNA
transcription_TU0_14674_from_RpoD_mono,mRNA
transcription_TU0_8828_from_RpoD_mono,mRNA
transcription_TU0_3163_from_RpoD_mono,mRNA
transcription_TU341_with_TERM86_from_RpoD_mono,mRNA
transcription_TU0_6504_with_TERM0862_from_RpoD_mono,mRNA
transcription_TU702_from_RpoD_mono,mRNA
transcription_TU00151_from_FecI_mono,mRNA
transcription_TU0_14813_from_RPOS_MONOMER,mRNA
transcription_TU0_14813_from_RpoD_mono,mRNA
transcription_TU0_14661_from_RpoD_mono,mRNA
transcription_TU0_7262_from_RpoD_mono,mRNA
transcription_TU00236_from_RpoD_mono,mRNA
transcription_TU0_14565_from_RpoD_mono,mRNA
transcription_TU0_14115_from_RpoD_mono,mRNA
transcription_TU0_3202_from_RpoD_mono,mRNA
transcription_TU0_13931_from_RpoD_mono,mRNA
transcription_TU0_12928_from_RpoD_mono,mRNA
transcription_TU0_7521_from_RpoD_mono,mRNA
transcription_TU0_13836_from_RpoD_mono,mRNA
transcription_TU0_14315_from_RpoD_mono,mRNA
transcription_TU00081_from_RpoD_mono,mRNA
transcription_TU00285_from_RpoD_mono,mRNA
transcription_TU00016_from_RpoD_mono,mRNA
transcription_TU0_6505_from_RpoD_mono,mRNA
transcription_TU0_7281_from_RpoD_mono,mRNA
transcription_TU00362_from_RPOE_MONOMER,mRNA
transcription_TU0_14814_with_TERM0902_from_RpoD_mono,mRNA
transcription_TU0_14662_from_RpoD_mono,mRNA
transcription_TU00152_from_RPON_MONOMER,mRNA
transcription_TU00354_with_TERM0_1043_from_RpoD_mono,mRNA
transcription_TU_8439_from_RpoD_mono,mRNA
transcription_TU0_4545_from_RpoD_mono,mRNA
transcription_TU704_from_RpoD_mono,mRNA
transcription_TU0_13345_from_RpoD_mono,mRNA
transcription_TU00237_from_RpoD_mono,mRNA
transcription_TU0_6506_from_RpoD_mono,mRNA
transcription_TU0_8380_from_RpoD_mono,mRNA
transcription_TU0_14676_from_RPOS_MONOMER,mRNA
transcription_TU00082_from_RpoD_mono,mRNA
transcription_TU0_13593_from_RpoD_mono,mRNA
transcription_TU0_14816_from_RpoD_mono,mRNA
transcription_TU0_14663_from_RpoD_mono,mRNA
transcription_TU00423_with_TERM0_1129_from_RpoD_mono,mRNA
transcription_TU0_4562_with_TERM64_from_RpoD_mono,mRNA
transcription_TU0_14046_with_TERM0_1113_from_RpoD_mono,mRNA
transcription_TU00017_with_TERM88_from_RpoD_mono,mRNA
transcription_TU00153_with_TERM0801_from_RPON_MONOMER,mRNA
transcription_TU0_13837_from_RpoD_mono,mRNA
transcription_TU00363_from_RpoD_mono,mRNA
transcription_TU00355_from_RpoD_mono,mRNA
transcription_TU0_7301_from_RpoD_mono,mRNA
transcription_TU0_8822_from_RpoD_mono,mRNA
transcription_TU0_6507_with_TERM0841_from_RPOS_MONOMER,mRNA
transcription_TU721_from_RpoD_mono,mRNA
transcription_TU0_14470_from_RpoD_mono,mRNA
transcription_TU0_14470_from_RPOH_MONOMER,mRNA
transcription_TU0_4604_from_RpoD_mono,mRNA
transcription_TU0_3304_from_RpoD_mono,mRNA
transcription_TU0_14817_with_TERM0902_from_RpoD_mono,mRNA
transcription_TU0_13642_from_RpoD_mono,mRNA
transcription_TU0_14665_from_RpoD_mono,mRNA
transcription_TU00238_from_RpoD_mono,mRNA
transcription_TU0_14677_from_RPOS_MONOMER,mRNA
transcription_TU00083_with_TERM5_from_RpoD_mono,mRNA
transcription_TU0_14378_with_TERM0_1034_from_RpoD_mono,mRNA
transcription_TU0_13141_from_RpoD_mono,mRNA
transcription_TU0_8335_from_RpoD_mono,mRNA
transcription_TU00018_with_TERM88_from_RpoD_mono,mRNA
transcription_TU0_4623_from_RpoD_mono,mRNA
transcription_TU0_3305_with_RPLT_T2_from_RpoD_mono,mRNA
transcription_TU0_14818_from_RpoD_mono,mRNA
transcription_TU0_13838_from_RPOS_MONOMER,mRNA
transcription_TU0_14317_from_RpoD_mono,mRNA
transcription_TU0_8665_from_RpoD_mono,mRNA
transcription_TU0_13942_from_RpoD_mono,mRNA
transcription_TU0_14678_from_RPOS_MONOMER,mRNA
transcription_TU0_13233_from_RpoD_mono,mRNA
transcription_TU0_14471_from_RPOH_MONOMER,mRNA
transcription_TU0_13534_from_RpoD_mono,mRNA
transcription_TU00084_with_TERM5_from_RpoD_mono,mRNA
transcription_TU0_8526_from_RpoD_mono,mRNA
transcription_TU00239_from_RpoD_mono,mRNA
transcription_TU0_4624_from_RpoD_mono,mRNA
transcription_TU0_8336_from_RpoD_mono,mRNA
transcription_TU0_3341_from_RPON_MONOMER,mRNA
transcription_TU0_13142_from_RpoD_mono,mRNA
transcription_TU0_6509_from_RpoD_mono,mRNA
transcription_TU00155_from_RpoD_mono,mRNA
transcription_TU0_14118_from_RpoD_mono,mRNA
transcription_TU0_14819_from_RPOS_MONOMER,mRNA
transcription_TU0_14819_from_RpoD_mono,mRNA
transcription_TU0_13003_from_RpoD_mono,mRNA
transcription_TU00425_from_RpoD_mono,mRNA
transcription_TU0_14048_from_RpoD_mono,mRNA
transcription_TU00288_with_TERM50_from_RPOS_MONOMER,mRNA
transcription_TU00288_with_TERM50_from_RpoD_mono,mRNA
transcription_TU00019_from_RpoD_mono,mRNA
transcription_TU0_8754_from_RpoD_mono,mRNA
transcription_TU0_4642_from_RPOS_MONOMER,mRNA
transcription_TU0_12805_from_RpoD_mono,mRNA
transcription_TU00365_from_RpoD_mono,mRNA
transcription_TU0_8666_from_RpoD_mono,mRNA
transcription_TU0_7601_from_RpoD_mono,mRNA
transcription_TU0_13072_from_RpoD_mono,mRNA
transcription_TU00085_from_RpoD_mono,mRNA
transcription_TU0_0_from_RpoD_mono,mRNA
transcription_TU0_6510_from_RpoD_mono,mRNA
transcription_TU743_from_RpoD_mono,mRNA
transcription_TU0_14472_from_RpoD_mono,mRNA
transcription_TU0_14472_from_RPOH_MONOMER,mRNA
transcription_TU0_13839_from_RpoD_mono,mRNA
transcription_TU0_1482_from_RpoD_mono,mRNA
transcription_TU0_8527_from_RpoD_mono,mRNA
transcription_TU00240_from_RpoD_mono,mRNA
transcription_TU0_4681_from_RpoD_mono,mRNA
transcription_TU0_3382_from_RPOS_MONOMER,mRNA
transcription_TU0_3382_from_RpoD_mono,mRNA
transcription_TU0_13004_from_RpoD_mono,mRNA
transcription_TU00426_with_TERM5_from_RPOS_MONOMER,mRNA
transcription_TU00426_with_TERM5_from_RpoD_mono,mRNA
transcription_TU0_13644_from_RpoD_mono,mRNA
transcription_TU0_14049_from_RpoD_mono,mRNA
transcription_TU00289_from_RpoD_mono,mRNA
transcription_TU00020_from_RpoD_mono,mRNA
transcription_TU0_14680_with_TERM0_1073_from_RpoD_mono,mRNA
transcription_TU0_12806_from_RpoD_mono,mRNA
transcription_TU00086_from_RpoD_mono,mRNA
transcription_TU00366_from_RpoD_mono,mRNA
transcription_TU0_14820_from_RPOS_MONOMER,mRNA
transcription_TU0_14820_from_RpoD_mono,mRNA
transcription_TU0_4682_from_RpoD_mono,mRNA
transcription_TU0_14252_from_RpoD_mono,mRNA
transcription_TU0_1_from_RpoD_mono,mRNA
transcription_TU00157_from_RpoD_mono,mRNA
transcription_TU0_14573_with_TERM0_1066_from_RpoD_mono,mRNA
transcription_TU0_7603_from_RpoD_mono,mRNA
transcription_TU0_8528_from_RpoD_mono,mRNA
transcription_TU00241_from_RpoD_mono,mRNA
transcription_TU0_6512_with_TERM82_from_RpoD_mono,mRNA
transcription_TU0_14120_from_RpoD_mono,mRNA
transcription_TU0_14193_from_RpoD_mono,mRNA
transcription_TU0_4701_with_TERM0223_from_RpoD_mono,mRNA
transcription_TU0_4701_with_TERM0222_from_RpoD_mono,mRNA
transcription_TU0_14821_from_RPOS_MONOMER,mRNA
transcription_TU0_14821_from_RpoD_mono,mRNA
transcription_TU00427_with_TERM5_from_RPOE_MONOMER,mRNA
transcription_TU00087_with_TYRBT1_from_RpoD_mono,mRNA
transcription_TU00291_with_TERM0_1039_from_RpoD_mono,mRNA
transcription_TU0_13995_from_RpoD_mono,mRNA
transcription_TU00021_with_FIST_from_RpoD_mono,mRNA
transcription_TU0_8756_from_RpoD_mono,mRNA
transcription_TU0_13145_from_RpoD_mono,mRNA
transcription_TU0_13883_from_RpoD_mono,mRNA
transcription_TU00367_from_RpoD_mono,mRNA
transcription_TU_b3247,mRNA
transcription_TU_b3705,mRNA
transcription_RNA_dummy,mRNA
transcription_TU0_14574_with_TERM0_1066_from_RpoD_mono,tRNA
transcription_TU00497_from_RpoD_mono,tRNA
transcription_TU00498_from_RpoD_mono,tRNA
transcription_TU00499_from_RpoD_mono,tRNA
transcription_TU00500_from_RpoD_mono,tRNA
transcription_TU0_13770_from_RpoD_mono,tRNA
transcription_TU00501_from_RpoD_mono,tRNA
transcription_TU00502_from_RpoD_mono,tRNA
transcription_TU0_14486_from_RpoD_mono,tRNA
transcription_TU00503_from_RpoD_mono,tRNA
transcription_TU0_14487_from_RpoD_mono,tRNA
transcription_TU00504_from_RpoD_mono,tRNA
transcription_TU0_3561_from_RpoD_mono,tRNA
transcription_TU00505_from_RpoD_mono,tRNA
transcription_TU0_8476_with_METYT2_from_RpoD_mono,tRNA
transcription_TU0_8476_with_METYT1_from_RpoD_mono,tRNA
transcription_TU00506_from_RpoD_mono,tRNA
transcription_TU00507_from_RpoD_mono,tRNA
transcription_TU00508_from_RpoD_mono,tRNA
transcription_TU00509_from_RpoD_mono,tRNA
transcription_TU00510_from_RpoD_mono,tRNA
transcription_TU0_14512_from_RpoD_mono,tRNA
transcription_TU00511_from_RpoD_mono,tRNA
transcription_TU00512_from_RpoD_mono,tRNA
transcription_TU00513_from_RpoD_mono,tRNA
transcription_TU00514_from_RpoD_mono,tRNA
transcription_TU0_14007_from_RpoD_mono,tRNA
transcription_TU00515_from_RpoD_mono,tRNA
transcription_TU00516_from_RpoD_mono,tRNA
transcription_TU00517_from_RpoD_mono,tRNA
transcription_TU0_1181_from_RpoD_mono,tRNA
transcription_TU00518_from_RpoD_mono,tRNA
transcription_TU0_1182_with_TERM0_1116_from_RpoD_mono,tRNA
transcription_TU0_1182_with_TERM0_1115_from_RpoD_mono,tRNA
transcription_TU00519_from_RpoD_mono,tRNA
transcription_TU0_1183_with_TERM0_1117_from_RpoD_mono,tRNA
transcription_TU00520_from_RpoD_mono,tRNA
transcription_TU0_1184_with_TERM0_1117_from_RpoD_mono,tRNA
transcription_TU00521_from_RpoD_mono,tRNA
transcription_TU0_1186_from_RpoD_mono,tRNA
transcription_TU0_1187_from_RpoD_mono,tRNA
transcription_TU0_1188_from_RpoD_mono,tRNA
transcription_TU0_1189_from_RpoD_mono,tRNA
transcription_TU0_13034_from_RpoD_mono,tRNA
transcription_TU0_1190_from_RpoD_mono,tRNA
transcription_TU0_13035_from_RpoD_mono,tRNA
transcription_TU0_13036_from_RpoD_mono,tRNA
transcription_TU0_1191_from_RpoD_mono,tRNA
transcription_TU0_1192_from_RpoD_mono,tRNA
transcription_TU0_6223_with_TERM86_from_RpoD_mono,tRNA
transcription_TU0_14549_from_RpoD_mono,tRNA
transcription_TU0_14553_from_RpoD_mono,tRNA
transcription_TU0_14370_from_RpoD_mono,tRNA
transcription_TU0_14371_from_RpoD_mono,tRNA
transcription_TU0_14372_from_RpoD_mono,tRNA
transcription_TU00489_from_RpoD_mono,tRNA
transcription_TU341_with_TERM86_from_RpoD_mono,tRNA
transcription_TU00490_from_RpoD_mono,tRNA
transcription_TU343_with_METYT2_from_RpoD_mono,tRNA
transcription_TU343_with_METYT1_from_RpoD_mono,tRNA
transcription_TU00491_from_RpoD_mono,tRNA
transcription_TU00492_from_RpoD_mono,tRNA
transcription_TU00493_from_RpoD_mono,tRNA
transcription_TU0_3364_with_TERM0_1115_from_RpoD_mono,tRNA
transcription_TU0_3364_with_TERM0_1116_from_RpoD_mono,tRNA
transcription_TU00494_from_RpoD_mono,tRNA
transcription_TU00495_from_RpoD_mono,tRNA
transcription_TU0_13704_from_RpoD_mono,tRNA
transcription_TU0_14573_with_TERM0_1066_from_RpoD_mono,tRNA
transcription_TU00496_with_TERM0_1152_from_RpoD_mono,tRNA
transcription_TU00496_with_TERM0_1153_from_RpoD_mono,tRNA
transcription_TU482_with_TERM161_from_RpoD_mono,ncRNA
transcription_TU543_with_TERM0281_from_RpoD_mono,ncRNA
transcription_TU543_with_TERM0282_from_RpoD_mono,ncRNA
transcription_TU543_with_TERM0283_from_RpoD_mono,ncRNA
transcription_TU0_12938_from_RpoD_mono,ncRNA
Demand_pe161_p,lipid
Demand_pe160_p,lipid
Demand_pe160_c,lipid
Demand_pe161_c,lipid
Demand_kdo2lipid4_e,lipid
b0463_lipid_modification_pg120_p_pg160,lipid
b0463_lipid_modification_pg120_p_pe160,lipid
b0463_lipid_modification_pg141_p_pg160,lipid
b0463_lipid_modification_pg141_p_pe160,lipid
b0463_lipid_modification_pg140_p_pg160,lipid
b0463_lipid_modification_pg140_p_pe160,lipid
b0463_lipid_modification_pg181_p_pg160,lipid
b0463_lipid_modification_pg181_p_pe160,lipid
b0463_lipid_modification_pg161_p_pg160,lipid
b0463_lipid_modification_pg161_p_pe160,lipid
b0463_lipid_modification_pg160_p_pg160,lipid
b0463_lipid_modification_pg160_p_pe160,lipid
b0463_lipid_modification_pg180_p_pg160,lipid
b0463_lipid_modification_pg180_p_pe160,lipid
b3265_lipid_modification_pg120_p_pg160,lipid
b3265_lipid_modification_pg120_p_pe160,lipid
b3265_lipid_modification_pg141_p_pg160,lipid
b3265_lipid_modification_pg141_p_pe160,lipid
b3265_lipid_modification_pg140_p_pg160,lipid
b3265_lipid_modification_pg140_p_pe160,lipid
b3265_lipid_modification_pg181_p_pg160,lipid
b3265_lipid_modification_pg181_p_pe160,lipid
b3265_lipid_modification_pg161_p_pg160,lipid
b3265_lipid_modification_pg161_p_pe160,lipid
b3265_lipid_modification_pg160_p_pg160,lipid
b3265_lipid_modification_pg160_p_pe160,lipid
b3265_lipid_modification_pg180_p_pg160,lipid
b3265_lipid_modification_pg180_p_pe160,lipid
b2512_lipid_modification_pg120_p_pg160,lipid
b2512_lipid_modification_pg120_p_pe160,lipid
b2512_lipid_modification_pg141_p_pg160,lipid
b2512_lipid_modification_pg141_p_pe160,lipid
b2512_lipid_modification_pg140_p_pg160,lipid
b2512_lipid_modification_pg140_p_pe160,lipid
b2512_lipid_modification_pg181_p_pg160,lipid
b2512_lipid_modification_pg181_p_pe160,lipid
b2512_lipid_modification_pg161_p_pg160,lipid
b2512_lipid_modification_pg161_p_pe160,lipid
b2512_lipid_modification_pg160_p_pg160,lipid
b2512_lipid_modification_pg160_p_pe160,lipid
b2512_lipid_modification_pg180_p_pg160,lipid
b2512_lipid_modification_pg180_p_pe160,lipid
b2477_lipid_modification_pg120_p_pg160,lipid
b2477_lipid_modification_pg120_p_pe160,lipid
b2477_lipid_modification_pg141_p_pg160,lipid
b2477_lipid_modification_pg141_p_pe160,lipid
b2477_lipid_modification_pg140_p_pg160,lipid
b2477_lipid_modification_pg140_p_pe160,lipid
b2477_lipid_modification_pg181_p_pg160,lipid
b2477_lipid_modification_pg181_p_pe160,lipid
b2477_lipid_modification_pg161_p_pg160,lipid
b2477_lipid_modification_pg161_p_pe160,lipid
b2477_lipid_modification_pg160_p_pg160,lipid
b2477_lipid_modification_pg160_p_pe160,lipid
b2477_lipid_modification_pg180_p_pg160,lipid
b2477_lipid_modification_pg180_p_pe160,lipid
b2595_lipid_modification_pg120_p_pg160,lipid
b2595_lipid_modification_pg120_p_pe160,lipid
b2595_lipid_modification_pg141_p_pg160,lipid
b2595_lipid_modification_pg141_p_pe160,lipid
b2595_lipid_modification_pg140_p_pg160,lipid
b2595_lipid_modification_pg140_p_pe160,lipid
b2595_lipid_modification_pg181_p_pg160,lipid
b2595_lipid_modification_pg181_p_pe160,lipid
b2595_lipid_modification_pg161_p_pg160,lipid
b2595_lipid_modification_pg161_p_pe160,lipid
b2595_lipid_modification_pg160_p_pg160,lipid
b2595_lipid_modification_pg160_p_pe160,lipid
b2595_lipid_modification_pg180_p_pg160,lipid
b2595_lipid_modification_pg180_p_pe160,lipid
b2617_lipid_modification_pg120_p_pg160,lipid
b2617_lipid_modification_pg120_p_pe160,lipid
b2617_lipid_modification_pg141_p_pg160,lipid
b2617_lipid_modification_pg141_p_pe160,lipid
b2617_lipid_modification_pg140_p_pg160,lipid
b2617_lipid_modification_pg140_p_pe160,lipid
b2617_lipid_modification_pg181_p_pg160,lipid
b2617_lipid_modification_pg181_p_pe160,lipid
b2617_lipid_modification_pg161_p_pg160,lipid
b2617_lipid_modification_pg161_p_pe160,lipid
b2617_lipid_modification_pg160_p_pg160,lipid
b2617_lipid_modification_pg160_p_pe160,lipid
b2617_lipid_modification_pg180_p_pg160,lipid
b2617_lipid_modification_pg180_p_pe160,lipid
b0572_lipid_modification_pg120_p_pg160,lipid
b0572_lipid_modification_pg120_p_pe160,lipid
b0572_lipid_modification_pg141_p_pg160,lipid
b0572_lipid_modification_pg141_p_pe160,lipid
b0572_lipid_modification_pg140_p_pg160,lipid
b0572_lipid_modification_pg140_p_pe160,lipid
b0572_lipid_modification_pg181_p_pg160,lipid
b0572_lipid_modification_pg181_p_pe160,lipid
b0572_lipid_modification_pg161_p_pg160,lipid
b0572_lipid_modification_pg161_p_pe160,lipid
b0572_lipid_modification_pg160_p_pg160,lipid
b0572_lipid_modification_pg160_p_pe160,lipid
b0572_lipid_modification_pg180_p_pg160,lipid
b0572_lipid_modification_pg180_p_pe160,lipid
b1677_lipid_modification_pg120_p_pg160,lipid
b1677_lipid_modification_pg120_p_pe160,lipid
b1677_lipid_modification_pg141_p_pg160,lipid
b1677_lipid_modification_pg141_p_pe160,lipid
b1677_lipid_modification_pg140_p_pg160,lipid
b1677_lipid_modification_pg140_p_pe160,lipid
b1677_lipid_modification_pg181_p_pg160,lipid
b1677_lipid_modification_pg181_p_pe160,lipid
b1677_lipid_modification_pg161_p_pg160,lipid
b1677_lipid_modification_pg161_p_pe160,lipid
b1677_lipid_modification_pg160_p_pg160,lipid
b1677_lipid_modification_pg160_p_pe160,lipid
b1677_lipid_modification_pg180_p_pg160,lipid
b1677_lipid_modification_pg180_p_pe160,lipid
b1193_lipid_modification_pg120_p_pg160,lipid
b1193_lipid_modification_pg120_p_pe160,lipid
b1193_lipid_modification_pg141_p_pg160,lipid
b1193_lipid_modification_pg141_p_pe160,lipid
b1193_lipid_modification_pg140_p_pg160,lipid
b1193_lipid_modification_pg140_p_pe160,lipid
b1193_lipid_modification_pg181_p_pg160,lipid
b1193_lipid_modification_pg181_p_pe160,lipid
b1193_lipid_modification_pg161_p_pg160,lipid
b1193_lipid_modification_pg161_p_pe160,lipid
b1193_lipid_modification_pg160_p_pg160,lipid
b1193_lipid_modification_pg160_p_pe160,lipid
b1193_lipid_modification_pg180_p_pg160,lipid
b1193_lipid_modification_pg180_p_pe160,lipid
b1209_lipid_modification_pg120_p_pg160,lipid
b1209_lipid_modification_pg120_p_pe160,lipid
b1209_lipid_modification_pg141_p_pg160,lipid
b1209_lipid_modification_pg141_p_pe160,lipid
b1209_lipid_modification_pg140_p_pg160,lipid
b1209_lipid_modification_pg140_p_pe160,lipid
b1209_lipid_modification_pg181_p_pg160,lipid
b1209_lipid_modification_pg181_p_pe160,lipid
b1209_lipid_modification_pg161_p_pg160,lipid
b1209_lipid_modification_pg161_p_pe160,lipid
b1209_lipid_modification_pg160_p_pg160,lipid
b1209_lipid_modification_pg160_p_pe160,lipid
b1209_lipid_modification_pg180_p_pg160,lipid
b1209_lipid_modification_pg180_p_pe160,lipid
b0197_lipid_modification_pg120_p_pg160,lipid
b0197_lipid_modification_pg120_p_pe160,lipid
b0197_lipid_modification_pg141_p_pg160,lipid
b0197_lipid_modification_pg141_p_pe160,lipid
b0197_lipid_modification_pg140_p_pg160,lipid
b0197_lipid_modification_pg140_p_pe160,lipid
b0197_lipid_modification_pg181_p_pg160,lipid
b0197_lipid_modification_pg181_p_pe160,lipid
b0197_lipid_modification_pg161_p_pg160,lipid
b0197_lipid_modification_pg161_p_pe160,lipid
b0197_lipid_modification_pg160_p_pg160,lipid
b0197_lipid_modification_pg160_p_pe160,lipid
b0197_lipid_modification_pg180_p_pg160,lipid
b0197_lipid_modification_pg180_p_pe160,lipid
b2813_lipid_modification_pg120_p_pg160,lipid
b2813_lipid_modification_pg120_p_pe160,lipid
b2813_lipid_modification_pg141_p_pg160,lipid
b2813_lipid_modification_pg141_p_pe160,lipid
b2813_lipid_modification_pg140_p_pg160,lipid
b2813_lipid_modification_pg140_p_pe160,lipid
b2813_lipid_modification_pg181_p_pg160,lipid
b2813_lipid_modification_pg181_p_pe160,lipid
b2813_lipid_modification_pg161_p_pg160,lipid
b2813_lipid_modification_pg161_p_pe160,lipid
b2813_lipid_modification_pg160_p_pg160,lipid
b2813_lipid_modification_pg160_p_pe160,lipid
b2813_lipid_modification_pg180_p_pg160,lipid
b2813_lipid_modification_pg180_p_pe160,lipid
b2701_lipid_modification_pg120_p_pg160,lipid
b2701_lipid_modification_pg120_p_pe160,lipid
b2701_lipid_modification_pg141_p_pg160,lipid
b2701_lipid_modification_pg141_p_pe160,lipid
b2701_lipid_modification_pg140_p_pg160,lipid
b2701_lipid_modification_pg140_p_pe160,lipid
b2701_lipid_modification_pg181_p_pg160,lipid
b2701_lipid_modification_pg181_p_pe160,lipid
b2701_lipid_modification_pg161_p_pg160,lipid
b2701_lipid_modification_pg161_p_pe160,lipid
b2701_lipid_modification_pg160_p_pg160,lipid
b2701_lipid_modification_pg160_p_pe160,lipid
b2701_lipid_modification_pg180_p_pg160,lipid
b2701_lipid_modification_pg180_p_pe160,lipid
b2963_lipid_modification_pg120_p_pg160,lipid
b2963_lipid_modification_pg120_p_pe160,lipid
b2963_lipid_modification_pg141_p_pg160,lipid
b2963_lipid_modification_pg141_p_pe160,lipid
b2963_lipid_modification_pg140_p_pg160,lipid
b2963_lipid_modification_pg140_p_pe160,lipid
b2963_lipid_modification_pg181_p_pg160,lipid
b2963_lipid_modification_pg181_p_pe160,lipid
b2963_lipid_modification_pg161_p_pg160,lipid
b2963_lipid_modification_pg161_p_pe160,lipid
b2963_lipid_modification_pg160_p_pg160,lipid
b2963_lipid_modification_pg160_p_pe160,lipid
b2963_lipid_modification_pg180_p_pg160,lipid
b2963_lipid_modification_pg180_p_pe160,lipid
translation_b0002,protein
translation_b0003,protein
translation_b0004,protein
translation_b0007,protein
translation_b0008,protein
translation_b0009,protein
translation_b0014,protein
translation_b0015,protein
translation_b0019,protein
translation_b0023,protein
translation_b0025,protein
translation_b0026,protein
translation_b0027,protein
translation_b0029,protein
translation_b0030,protein
translation_b0031,protein
translation_b0032,protein
translation_b0033,protein
translation_b0036,protein
translation_b0037,protein
translation_b0038,protein
translation_b0040,protein
translation_b0047,protein
translation_b0048,protein
translation_b0049,protein
translation_b0051,protein
translation_b0052,protein
translation_b0053,protein
translation_b0058,protein
translation_b0061,protein
translation_b0062,protein
translation_b0063,protein
translation_b0066,protein
translation_b0067,protein
translation_b0068,protein
translation_b0070,protein
translation_b0071,protein
translation_b0072,protein
translation_b0073,protein
translation_b0074,protein
translation_b0077,protein
translation_b0078,protein
translation_b0082,protein
translation_b0084,protein
translation_b0085,protein
translation_b0086,protein
translation_b0087,protein
translation_b0088,protein
translation_b0090,protein
translation_b0091,protein
translation_b0092,protein
translation_b0096,protein
translation_b0098,protein
translation_b0099,protein
translation_b0103,protein
translation_b0104,protein
translation_b0109,protein
translation_b0110,protein
translation_b0112,protein
translation_b0114,protein
translation_b0115,protein
translation_b0116,protein
translation_b0118,protein
translation_b0120,protein
translation_b0121,protein
translation_b0123,protein
translation_b0124,protein
translation_b0125,protein
translation_b0126,protein
translation_b0131,protein
translation_b0133,protein
translation_b0134,protein
translation_b0142,protein
translation_b0149,protein
translation_b0150,protein
translation_b0151,protein
translation_b0152,protein
translation_b0153,protein
translation_b0154,protein
translation_b0155,protein
translation_b0156,protein
translation_b0158,protein
translation_b0159,protein
translation_b0160,protein
translation_b0166,protein
translation_b0168,protein
translation_b0169,protein
translation_b0170,protein
translation_b0171,protein
translation_b0172,protein
translation_b0173,protein
translation_b0174,protein
translation_b0175,protein
translation_b0177,protein
translation_b0179,protein
translation_b0180,protein
translation_b0181,protein
translation_b0182,protein
translation_b0185,protein
translation_b0186,protein
translation_b0188,protein
translation_b0194,protein
translation_b0197,protein
translation_b0198,protein
translation_b0199,protein
translation_b0200,protein
translation_b0207,protein
translation_b0212,protein
translation_b0221,protein
translation_b0222,protein
translation_b0237,protein
translation_b0238,protein
translation_b0241,protein
translation_b0242,protein
translation_b0243,protein
translation_b0260,protein
translation_b0261,protein
translation_b0273,protein
translation_b0306,protein
translation_b0307,protein
translation_b0308,protein
translation_b0311,protein
translation_b0312,protein
translation_b0314,protein
translation_b0323,protein
translation_b0331,protein
translation_b0333,protein
translation_b0334,protein
translation_b0336,protein
translation_b0337,protein
translation_b0339,protein
translation_b0340,protein
translation_b0341,protein
translation_b0343,protein
translation_b0344,protein
translation_b0347,protein
translation_b0348,protein
translation_b0349,protein
translation_b0350,protein
translation_b0351,protein
translation_b0352,protein
translation_b0353,protein
translation_b0355,protein
translation_b0356,protein
translation_b0365,protein
translation_b0366,protein
translation_b0367,protein
translation_b0368,protein
translation_b0369,protein
translation_b0381,protein
translation_b0383,protein
translation_b0386,protein
translation_b0388,protein
translation_b0394,protein
translation_b0401,protein
translation_b0403,protein
translation_b0404,protein
translation_b0405,protein
translation_b0406,protein
translation_b0408,protein
translation_b0409,protein
translation_b0411,protein
translation_b0414,protein
translation_b0415,protein
translation_b0416,protein
translation_b0417,protein
translation_b0418,protein
translation_b0420,protein
translation_b0421,protein
translation_b0423,protein
translation_b0425,protein
translation_b0428,protein
translation_b0429,protein
translation_b0430,protein
translation_b0431,protein
translation_b0432,protein
translation_b0433,protein
translation_b0436,protein
translation_b0444,protein
translation_b0446,protein
translation_b0451,protein
translation_b0452,protein
translation_b0459,protein
translation_b0462,protein
translation_b0463,protein
translation_b0469,protein
translation_b0474,protein
translation_b0475,protein
translation_b0477,protein
translation_b0480,protein
translation_b0484,protein
translation_b0485,protein
translation_b0494,protein
translation_b0505,protein
translation_b0507,protein
translation_b0508,protein
translation_b0509,protein
translation_b0511,protein
translation_b0512,protein
translation_b0514,protein
translation_b0516,protein
translation_b0517,protein
translation_b0521,protein
translation_b0522,protein
translation_b0523,protein
translation_b0524,protein
translation_b0526,protein
translation_b0529,protein
translation_b0572,protein
translation_b0573,protein
translation_b0574,protein
translation_b0575,protein
translation_b0576,protein
translation_b0578,protein
translation_b0583,protein
translation_b0584,protein
translation_b0585,protein
translation_b0586,protein
translation_b0588,protein
translation_b0589,protein
translation_b0590,protein
translation_b0591,protein
translation_b0592,protein
translation_b0593,protein
translation_b0594,protein
translation_b0595,protein
translation_b0596,protein
translation_b0604,protein
translation_b0612,protein
translation_b0613,protein
translation_b0615,protein
translation_b0616,protein
translation_b0617,protein
translation_b0621,protein
translation_b0622,protein
translation_b0627,protein
translation_b0628,protein
translation_b0630,protein
translation_b0632,protein
translation_b0635,protein
translation_b0636,protein
translation_b0638,protein
translation_b0639,protein
translation_b0642,protein
translation_b0650,protein
translation_b0651,protein
translation_b0652,protein
translation_b0653,protein
translation_b0654,protein
translation_b0655,protein
translation_b0657,protein
translation_b0661,protein
translation_b0662,protein
translation_b0674,protein
translation_b0677,protein
translation_b0678,protein
translation_b0679,protein
translation_b0680,protein
translation_b0684,protein
translation_b0688,protein
translation_b0692,protein
translation_b0693,protein
translation_b0696,protein
translation_b0697,protein
translation_b0698,protein
translation_b4513,protein
translation_b0709,protein
translation_b0720,protein
translation_b0721,protein
translation_b0722,protein
translation_b0723,protein
translation_b0724,protein
translation_b0726,protein
translation_b0727,protein
translation_b0728,protein
translation_b0729,protein
translation_b0731,protein
translation_b0732,protein
translation_b0733,protein
translation_b0734,protein
translation_b0736,protein
translation_b0750,protein
translation_b0751,protein
translation_b0752,protein
translation_b0754,protein
translation_b0755,protein
translation_b0756,protein
translation_b0757,protein
translation_b0758,protein
translation_b0759,protein
translation_b0763,protein
translation_b0764,protein
translation_b0765,protein
translation_b0766,protein
translation_b0767,protein
translation_b0774,protein
translation_b0775,protein
translation_b0776,protein
translation_b0777,protein
translation_b0778,protein
translation_b0781,protein
translation_b0783,protein
translation_b0784,protein
translation_b0785,protein
translation_b0789,protein
translation_b0805,protein
translation_b0807,protein
translation_b0809,protein
translation_b0810,protein
translation_b0811,protein
translation_b0813,protein
translation_b0822,protein
translation_b0825,protein
translation_b0826,protein
translation_b0827,protein
translation_b0828,protein
translation_b0829,protein
translation_b0830,protein
translation_b0831,protein
translation_b0832,protein
translation_b0837,protein
translation_b0839,protein
translation_b0841,protein
translation_b0842,protein
translation_b0849,protein
translation_b0854,protein
translation_b0855,protein
translation_b0856,protein
translation_b0857,protein
translation_b0859,protein
translation_b0860,protein
translation_b0861,protein
translation_b0862,protein
translation_b0863,protein
translation_b0864,protein
translation_b0870,protein
translation_b0871,protein
translation_b0875,protein
translation_b0884,protein
translation_b0886,protein
translation_b0887,protein
translation_b0888,protein
translation_b0891,protein
translation_b0893,protein
translation_b0894,protein
translation_b0895,protein
translation_b0896,protein
translation_b0902,protein
translation_b0903,protein
translation_b0904,protein
translation_b0907,protein
translation_b0908,protein
translation_b0910,protein
translation_b0911,protein
translation_b0914,protein
translation_b0915,protein
translation_b0918,protein
translation_b0928,protein
translation_b0929,protein
translation_b0930,protein
translation_b0931,protein
translation_b0932,protein
translation_b0933,protein
translation_b0934,protein
translation_b0935,protein
translation_b0936,protein
translation_b0937,protein
translation_b0945,protein
translation_b0948,protein
translation_b0954,protein
translation_b0957,protein
translation_b0963,protein
translation_b0967,protein
translation_b0968,protein
translation_b0969,protein
translation_b0972,protein
translation_b0973,protein
translation_b0974,protein
translation_b0978,protein
translation_b0979,protein
translation_b0980,protein
translation_b0996,protein
translation_b0997,protein
translation_b0998,protein
translation_b1002,protein
translation_b1006,protein
translation_b1007,protein
translation_b1008,protein
translation_b1009,protein
translation_b1010,protein
translation_b1011,protein
translation_b1012,protein
translation_b1014,protein
translation_b1015,protein
translation_b1033,protein
translation_b1054,protein
translation_b1059,protein
translation_b1062,protein
translation_b1064,protein
translation_b1069,protein
translation_b1084,protein
translation_b1086,protein
translation_b1089,protein
translation_b1090,protein
translation_b1091,protein
translation_b1092,protein
translation_b1093,protein
translation_b1094,protein
translation_b1095,protein
translation_b1096,protein
translation_b1098,protein
translation_b1101,protein
translation_b1102,protein
translation_b1106,protein
translation_b1107,protein
translation_b1109,protein
translation_b1114,protein
translation_b1116,protein
translation_b1117,protein
translation_b1118,protein
translation_b1119,protein
translation_b1123,protein
translation_b1124,protein
translation_b1125,protein
translation_b1126,protein
translation_b1131,protein
translation_b1133,protein
translation_b1134,protein
translation_b1135,protein
translation_b1136,protein
translation_b1185,protein
translation_b1186,protein
translation_b1189,protein
translation_b1190,protein
translation_b1192,protein
translation_b1193,protein
translation_b1197,protein
translation_b1198,protein
translation_b1199,protein
translation_b1200,protein
translation_b1206,protein
translation_b1207,protein
translation_b1208,protein
translation_b1209,protein
translation_b1210,protein
translation_b1211,protein
translation_b1215,protein
translation_b1216,protein
translation_b1223,protein
translation_b1224,protein
translation_b1225,protein
translation_b1226,protein
translation_b1227,protein
translation_b1232,protein
translation_b1236,protein
translation_b1238,protein
translation_b1241,protein
translation_b1243,protein
translation_b1244,protein
translation_b1245,protein
translation_b1246,protein
translation_b1247,protein
translation_b1249,protein
translation_b1250,protein
translation_b1252,protein
translation_b1260,protein
translation_b1261,protein
translation_b1262,protein
translation_b1263,protein
translation_b1264,protein
translation_b1269,protein
translation_b1270,protein
translation_b1276,protein
translation_b1277,protein
translation_b1278,protein
translation_b1281,protein
translation_b1286,protein
translation_b1288,protein
translation_b1291,protein
translation_b1296,protein
translation_b1297,protein
translation_b1298,protein
translation_b1300,protein
translation_b1301,protein
translation_b1302,protein
translation_b1308,protein
translation_b1319,protein
translation_b1325,protein
translation_b1326,protein
translation_b1329,protein
translation_b1344,protein
translation_b1363,protein
translation_b1377,protein
translation_b1378,protein
translation_b1380,protein
translation_b1385,protein
translation_b1386,protein
translation_b1387,protein
translation_b1388,protein
translation_b1389,protein
translation_b1390,protein
translation_b1391,protein
translation_b1392,protein
translation_b1393,protein
translation_b1394,protein
translation_b1395,protein
translation_b1397,protein
translation_b1398,protein
translation_b1415,protein
translation_b1440,protein
translation_b1441,protein
translation_b1442,protein
translation_b1443,protein
translation_b1444,protein
translation_b1453,protein
translation_b1463,protein
translation_b1465,protein
translation_b1466,protein
translation_b1467,protein
translation_b1468,protein
translation_b1469,protein
translation_b1473,protein
translation_b1474,protein
translation_b1475,protein
translation_b1476,protein
translation_b1478,protein
translation_b1479,protein
translation_b1480,protein
translation_b1483,protein
translation_b1484,protein
translation_b1485,protein
translation_b1486,protein
translation_b1487,protein
translation_b1488,protein
translation_b1489,protein
translation_b1492,protein
translation_b1493,protein
translation_b1519,protein
translation_b1521,protein
translation_b1524,protein
translation_b1525,protein
translation_b1528,protein
translation_b1533,protein
translation_b1539,protein
translation_b1584,protein
translation_b1587,protein
translation_b1588,protein
translation_b1589,protein
translation_b1590,protein
translation_b1591,protein
translation_b1592,protein
translation_b1599,protein
translation_b1600,protein
translation_b1602,protein
translation_b1603,protein
translation_b1605,protein
translation_b1606,protein
translation_b1611,protein
translation_b1612,protein
translation_b1613,protein
translation_b1621,protein
translation_b1622,protein
translation_b1623,protein
translation_b1634,protein
translation_b1636,protein
translation_b1637,protein
translation_b1638,protein
translation_b1640,protein
translation_b1646,protein
translation_b1651,protein
translation_b1652,protein
translation_b1654,protein
translation_b1656,protein
translation_b1661,protein
translation_b1662,protein
translation_b1676,protein
translation_b1677,protein
translation_b1679,protein
translation_b1680,protein
translation_b1681,protein
translation_b1682,protein
translation_b1683,protein
translation_b1684,protein
translation_b1692,protein
translation_b1693,protein
translation_b1701,protein
translation_b1702,protein
translation_b1704,protein
translation_b1709,protein
translation_b1710,protein
translation_b1711,protein
translation_b1713,protein
translation_b1714,protein
translation_b1716,protein
translation_b1717,protein
translation_b1718,protein
translation_b1719,protein
translation_b1723,protein
translation_b1732,protein
translation_b1734,protein
translation_b1740,protein
translation_b1744,protein
translation_b1745,protein
translation_b1746,protein
translation_b1747,protein
translation_b1748,protein
translation_b1759,protein
translation_b1761,protein
translation_b1764,protein
translation_b1767,protein
translation_b1768,protein
translation_b1773,protein
translation_b1778,protein
translation_b1779,protein
translation_b1781,protein
translation_b1800,protein
translation_b1801,protein
translation_b1804,protein
translation_b1805,protein
translation_b1812,protein
translation_b1814,protein
translation_b1817,protein
translation_b1818,protein
translation_b1819,protein
translation_b1822,protein
translation_b1835,protein
translation_b1849,protein
translation_b1850,protein
translation_b1851,protein
translation_b1852,protein
translation_b1854,protein
translation_b1855,protein
translation_b1857,protein
translation_b1858,protein
translation_b1859,protein
translation_b1865,protein
translation_b1866,protein
translation_b1870,protein
translation_b1871,protein
translation_b1872,protein
translation_b1873,protein
translation_b1876,protein
translation_b1896,protein
translation_b1897,protein
translation_b4460,protein
translation_b1900,protein
translation_b1901,protein
translation_b1907,protein
translation_b1912,protein
translation_b1919,protein
translation_b1922,protein
translation_b1927,protein
translation_b1981,protein
translation_b1982,protein
translation_b1991,protein
translation_b1992,protein
translation_b1993,protein
translation_b2010,protein
translation_b2019,protein
translation_b2020,protein
translation_b2021,protein
translation_b2022,protein
translation_b2023,protein
translation_b2024,protein
translation_b2025,protein
translation_b2026,protein
translation_b2027,protein
translation_b2028,protein
translation_b2029,protein
translation_b2032,protein
translation_b2033,protein
translation_b2034,protein
translation_b2035,protein
translation_b2036,protein
translation_b2037,protein
translation_b2038,protein
translation_b2039,protein
translation_b2040,protein
translation_b2041,protein
translation_b2045,protein
translation_b2048,protein
translation_b2049,protein
translation_b2051,protein
translation_b2052,protein
translation_b2053,protein
translation_b2065,protein
translation_b2066,protein
translation_b2091,protein
translation_b2092,protein
translation_b2093,protein
translation_b2094,protein
translation_b2095,protein
translation_b2096,protein
translation_b2097,protein
translation_b2103,protein
translation_b2104,protein
translation_b2114,protein
translation_b2128,protein
translation_b2129,protein
translation_b2130,protein
translation_b2131,protein
translation_b2132,protein
translation_b2133,protein
translation_b2134,protein
translation_b2140,protein
translation_b2143,protein
translation_b2146,protein
translation_b2147,protein
translation_b2148,protein
translation_b2149,protein
translation_b2150,protein
translation_b2153,protein
translation_b2154,protein
translation_b2155,protein
translation_b2156,protein
translation_b2162,protein
translation_b2167,protein
translation_b2168,protein
translation_b2169,protein
translation_b2170,protein
translation_b2174,protein
translation_b2183,protein
translation_b2185,protein
translation_b2197,protein
translation_b2198,protein
translation_b2199,protein
translation_b2200,protein
translation_b2201,protein
translation_b2202,protein
translation_b2203,protein
translation_b2204,protein
translation_b2205,protein
translation_b2206,protein
translation_b2207,protein
translation_b2210,protein
translation_b2215,protein
translation_b2221,protein
translation_b2222,protein
translation_b2223,protein
translation_b2224,protein
translation_b2232,protein
translation_b2234,protein
translation_b2235,protein
translation_b2239,protein
translation_b2240,protein
translation_b2241,protein
translation_b2242,protein
translation_b2243,protein
translation_b2251,protein
translation_b2253,protein
translation_b2254,protein
translation_b2255,protein
translation_b2256,protein
translation_b2257,protein
translation_b4544,protein
translation_b2258,protein
translation_b2260,protein
translation_b2261,protein
translation_b2262,protein
translation_b2263,protein
translation_b2264,protein
translation_b2265,protein
translation_b2268,protein
translation_b2276,protein
translation_b2277,protein
translation_b2278,protein
translation_b2279,protein
translation_b2280,protein
translation_b2281,protein
translation_b2282,protein
translation_b2283,protein
translation_b2284,protein
translation_b2285,protein
translation_b2286,protein
translation_b2287,protein
translation_b2288,protein
translation_b2290,protein
translation_b2291,protein
translation_b2296,protein
translation_b2297,protein
translation_b2303,protein
translation_b2306,protein
translation_b2307,protein
translation_b2308,protein
translation_b2309,protein
translation_b2310,protein
translation_b2311,protein
translation_b2312,protein
translation_b2315,protein
translation_b2316,protein
translation_b2318,protein
translation_b2320,protein
translation_b2323,protein
translation_b2324,protein
translation_b2328,protein
translation_b2329,protein
translation_b2341,protein
translation_b2342,protein
translation_b2344,protein
translation_b2366,protein
translation_b2373,protein
translation_b2374,protein
translation_b2378,protein
translation_b2379,protein
translation_b2388,protein
translation_b2392,protein
translation_b2393,protein
translation_b2400,protein
translation_b2406,protein
translation_b2407,protein
translation_b2411,protein
translation_b2414,protein
translation_b2415,protein
translation_b2416,protein
translation_b2417,protein
translation_b2418,protein
translation_b2421,protein
translation_b2422,protein
translation_b2423,protein
translation_b2424,protein
translation_b2425,protein
translation_b2428,protein
translation_b2429,protein
translation_b2435,protein
translation_b2436,protein
translation_b2440,protein
translation_b2441,protein
translation_b2458,protein
translation_b2463,protein
translation_b2464,protein
translation_b2465,protein
translation_b2467,protein
translation_b2470,protein
translation_b2472,protein
translation_b2474,protein
translation_b2476,protein
translation_b2477,protein
translation_b2478,protein
translation_b2480,protein
translation_b2481,protein
translation_b2482,protein
translation_b2483,protein
translation_b2484,protein
translation_b2485,protein
translation_b2486,protein
translation_b2487,protein
translation_b2488,protein
translation_b2489,protein
translation_b2490,protein
translation_b2492,protein
translation_b2497,protein
translation_b2498,protein
translation_b2499,protein
translation_b2500,protein
translation_b2501,protein
translation_b2502,protein
translation_b2507,protein
translation_b2508,protein
translation_b2512,protein
translation_b2514,protein
translation_b2515,protein
translation_b2517,protein
translation_b2518,protein
translation_b2519,protein
translation_b2521,protein
translation_b2523,protein
translation_b2526,protein
translation_b2527,protein
translation_b2528,protein
translation_b2529,protein
translation_b2530,protein
translation_b2532,protein
translation_b2533,protein
translation_b2536,protein
translation_b2538,protein
translation_b2539,protein
translation_b2540,protein
translation_b2541,protein
translation_b2542,protein
translation_b2551,protein
translation_b2552,protein
translation_b2557,protein
translation_b2558,protein
translation_b2559,protein
translation_b2563,protein
translation_b2564,protein
translation_b2566,protein
translation_b2567,protein
translation_b2573,protein
translation_b2574,protein
translation_b2575,protein
translation_b2578,protein
translation_b2579,protein
translation_b2582,protein
translation_b2585,protein
translation_b2587,protein
translation_b2594,protein
translation_b2595,protein
translation_b2599,protein
translation_b2600,protein
translation_b2601,protein
translation_b2606,protein
translation_b2607,protein
translation_b2608,protein
translation_b2609,protein
translation_b2610,protein
translation_b2614,protein
translation_b2615,protein
translation_b2617,protein
translation_b2661,protein
translation_b2662,protein
translation_b2663,protein
translation_b2675,protein
translation_b2676,protein
translation_b2677,protein
translation_b2678,protein
translation_b2679,protein
translation_b2682,protein
translation_b2683,protein
translation_b2687,protein
translation_b2688,protein
translation_b2690,protein
translation_b2697,protein
translation_b2701,protein
translation_b2702,protein
translation_b2703,protein
translation_b2704,protein
translation_b2705,protein
translation_b2708,protein
translation_b2710,protein
translation_b2711,protein
translation_b2715,protein
translation_b2719,protein
translation_b2720,protein
translation_b2721,protein
translation_b2722,protein
translation_b2723,protein
translation_b2724,protein
translation_b2738,protein
translation_b2741,protein
translation_b2744,protein
translation_b2745,protein
translation_b2746,protein
translation_b2747,protein
translation_b2750,protein
translation_b2751,protein
translation_b2752,protein
translation_b2762,protein
translation_b2763,protein
translation_b2764,protein
translation_b2765,protein
translation_b2779,protein
translation_b2780,protein
translation_b2781,protein
translation_b2784,protein
translation_b2785,protein
translation_b2787,protein
translation_b2788,protein
translation_b2789,protein
translation_b2791,protein
translation_b2794,protein
translation_b2796,protein
translation_b2797,protein
translation_b2799,protein
translation_b2800,protein
translation_b2801,protein
translation_b2802,protein
translation_b2803,protein
translation_b2806,protein
translation_b2810,protein
translation_b2811,protein
translation_b2813,protein
translation_b2817,protein
translation_b2818,protein
translation_b2827,protein
translation_b2828,protein
translation_b2835,protein
translation_b2836,protein
translation_b2838,protein
translation_b2841,protein
translation_b2866,protein
translation_b2867,protein
translation_b2868,protein
translation_b2871,protein
translation_b2874,protein
translation_b2877,protein
translation_b2882,protein
translation_b2883,protein
translation_b2889,protein
translation_b2890,protein
translation_b2891,protein
translation_b2893,protein
translation_b2895,protein
translation_b2901,protein
translation_b2903,protein
translation_b2904,protein
translation_b2905,protein
translation_b2907,protein
translation_b2912,protein
translation_b2913,protein
translation_b2914,protein
translation_b2917,protein
translation_b2919,protein
translation_b2920,protein
translation_b2923,protein
translation_b2925,protein
translation_b2926,protein
translation_b2927,protein
translation_b2930,protein
translation_b2935,protein
translation_b2937,protein
translation_b2938,protein
translation_b2942,protein
translation_b2943,protein
translation_b2946,protein
translation_b2947,protein
translation_b2954,protein
translation_b2957,protein
translation_b2960,protein
translation_b2963,protein
translation_b2964,protein
translation_b2965,protein
translation_b2975,protein
translation_b2976,protein
translation_b4467,protein
translation_b4468,protein
translation_b2979,protein
translation_b2987,protein
translation_b2988,protein
translation_b2994,protein
translation_b2995,protein
translation_b2996,protein
translation_b2997,protein
translation_b3001,protein
translation_b3005,protein
translation_b3006,protein
translation_b3008,protein
translation_b3012,protein
translation_b3018,protein
translation_b3028,protein
translation_b3029,protein
translation_b3034,protein
translation_b3035,protein
translation_b3040,protein
translation_b3041,protein
translation_b3052,protein
translation_b3057,protein
translation_b3058,protein
translation_b3059,protein
translation_b3061,protein
translation_b3062,protein
translation_b3063,protein
translation_b3065,protein
translation_b3067,protein
translation_b3073,protein
translation_b3084,protein
translation_b3089,protein
translation_b3091,protein
translation_b3092,protein
translation_b3093,protein
translation_b4471,protein
translation_b3114,protein
translation_b3115,protein
translation_b3116,protein
translation_b3117,protein
translation_b3124,protein
translation_b3125,protein
translation_b3126,protein
translation_b3127,protein
translation_b3128,protein
translation_b3132,protein
translation_b3137,protein
translation_b3146,protein
translation_b3161,protein
translation_b3164,protein
translation_b3165,protein
translation_b3166,protein
translation_b3167,protein
translation_b3168,protein
translation_b3169,protein
translation_b3172,protein
translation_b3175,protein
translation_b3176,protein
translation_b3177,protein
translation_b3179,protein
translation_b3181,protein
translation_b3182,protein
translation_b3185,protein
translation_b3186,protein
translation_b3187,protein
translation_b3189,protein
translation_b3196,protein
translation_b3197,protein
translation_b3198,protein
translation_b3199,protein
translation_b3200,protein
translation_b3201,protein
translation_b3202,protein
translation_b3212,protein
translation_b3213,protein
translation_b3222,protein
translation_b3223,protein
translation_b3224,protein
translation_b3225,protein
translation_b3230,protein
translation_b3231,protein
translation_b3236,protein
translation_b3247,protein
translation_b3255,protein
translation_b3256,protein
translation_b3258,protein
translation_b3260,protein
translation_b3265,protein
translation_b3266,protein
translation_b3281,protein
translation_b3282,protein
translation_b3287,protein
translation_b3288,protein
translation_b3289,protein
translation_b3290,protein
translation_b3294,protein
translation_b3295,protein
translation_b3296,protein
translation_b3297,protein
translation_b3298,protein
translation_b3299,protein
translation_b3300,protein
translation_b3301,protein
translation_b3302,protein
translation_b3303,protein
translation_b3304,protein
translation_b3305,protein
translation_b3306,protein
translation_b3307,protein
translation_b3308,protein
translation_b3309,protein
translation_b3310,protein
translation_b3311,protein
translation_b3312,protein
translation_b3313,protein
translation_b3314,protein
translation_b3315,protein
translation_b3316,protein
translation_b3317,protein
translation_b3318,protein
translation_b3319,protein
translation_b3320,protein
translation_b3321,protein
translation_b3339,protein
translation_b3340,protein
translation_b3341,protein
translation_b3342,protein
translation_b3343,protein
translation_b3344,protein
translation_b3345,protein
translation_b3350,protein
translation_b3359,protein
translation_b3360,protein
translation_b3365,protein
translation_b3366,protein
translation_b3367,protein
translation_b3368,protein
translation_b3370,protein
translation_b3371,protein
translation_b4474,protein
translation_b3374,protein
translation_b3380,protein
translation_b3384,protein
translation_b3385,protein
translation_b3386,protein
translation_b3389,protein
translation_b3390,protein
translation_b3396,protein
translation_b3397,protein
translation_b3403,protein
translation_b3406,protein
translation_b3409,protein
translation_b3412,protein
translation_b3415,protein
translation_b3416,protein
translation_b3417,protein
translation_b3425,protein
translation_b3426,protein
translation_b3428,protein
translation_b3429,protein
translation_b3430,protein
translation_b3431,protein
translation_b3432,protein
translation_b3433,protein
translation_b4476,protein
translation_b3437,protein
translation_b3447,protein
translation_b3449,protein
translation_b3450,protein
translation_b3451,protein
translation_b3452,protein
translation_b3453,protein
translation_b3454,protein
translation_b3455,protein
translation_b3456,protein
translation_b3457,protein
translation_b3458,protein
translation_b3460,protein
translation_b3461,protein
translation_b3464,protein
translation_b3465,protein
translation_b3469,protein
translation_b3470,protein
translation_b3475,protein
translation_b3476,protein
translation_b3477,protein
translation_b3478,protein
translation_b3479,protein
translation_b3480,protein
translation_b3493,protein
translation_b3496,protein
translation_b3500,protein
translation_b3502,protein
translation_b3503,protein
translation_b3517,protein
translation_b3519,protein
translation_b3526,protein
translation_b3528,protein
translation_b3540,protein
translation_b3541,protein
translation_b3542,protein
translation_b3543,protein
translation_b3544,protein
translation_b3546,protein
translation_b3551,protein
translation_b3553,protein
translation_b3559,protein
translation_b3560,protein
translation_b3564,protein
translation_b3565,protein
translation_b3566,protein
translation_b3567,protein
translation_b3568,protein
translation_b3571,protein
translation_b3572,protein
translation_b3575,protein
translation_b3577,protein
translation_b3578,protein
translation_b3579,protein
translation_b3580,protein
translation_b3581,protein
translation_b3583,protein
translation_b3588,protein
translation_b3590,protein
translation_b3591,protein
translation_b3599,protein
translation_b3600,protein
translation_b3603,protein
translation_b3605,protein
translation_b3607,protein
translation_b3608,protein
translation_b3609,protein
translation_b3610,protein
translation_b3612,protein
translation_b3616,protein
translation_b3617,protein
translation_b3619,protein
translation_b3620,protein
translation_b3621,protein
translation_b3622,protein
translation_b3623,protein
translation_b3624,protein
translation_b3625,protein
translation_b3626,protein
translation_b3627,protein
translation_b3628,protein
translation_b3629,protein
translation_b3630,protein
translation_b3631,protein
translation_b3632,protein
translation_b3633,protein
translation_b3634,protein
translation_b3636,protein
translation_b3637,protein
translation_b3639,protein
translation_b3640,protein
translation_b3642,protein
translation_b3643,protein
translation_b3648,protein
translation_b3649,protein
translation_b3650,protein
translation_b3651,protein
translation_b3653,protein
translation_b3654,protein
translation_b3665,protein
translation_b3666,protein
translation_b3670,protein
translation_b3671,protein
translation_b3679,protein
translation_b3691,protein
translation_b4478,protein
translation_b4477,protein
translation_b3693,protein
translation_b3703,protein
translation_b3704,protein
translation_b3705,protein
translation_b3706,protein
translation_b3708,protein
translation_b3709,protein
translation_b3714,protein
translation_b3722,protein
translation_b3725,protein
translation_b3726,protein
translation_b3727,protein
translation_b3728,protein
translation_b3729,protein
translation_b3730,protein
translation_b3731,protein
translation_b3732,protein
translation_b3733,protein
translation_b3734,protein
translation_b3735,protein
translation_b3736,protein
translation_b3737,protein
translation_b3738,protein
translation_b3739,protein
translation_b3740,protein
translation_b3741,protein
translation_b3744,protein
translation_b3747,protein
translation_b3748,protein
translation_b3749,protein
translation_b3750,protein
translation_b3751,protein
translation_b3752,protein
translation_b3770,protein
translation_b3771,protein
translation_b3772,protein
translation_b3774,protein
translation_b3779,protein
translation_b3780,protein
translation_b3781,protein
translation_b3783,protein
translation_b3784,protein
translation_b3785,protein
translation_b3786,protein
translation_b3787,protein
translation_b3788,protein
translation_b3789,protein
translation_b3790,protein
translation_b3791,protein
translation_b3792,protein
translation_b4481,protein
translation_b3793,protein
translation_b3794,protein
translation_b3803,protein
translation_b3804,protein
translation_b3805,protein
translation_b3806,protein
translation_b3807,protein
translation_b3809,protein
translation_b3816,protein
translation_b3821,protein
translation_b3823,protein
translation_b3824,protein
translation_b3825,protein
translation_b3826,protein
translation_b3829,protein
translation_b3831,protein
translation_b3833,protein
translation_b3835,protein
translation_b3836,protein
translation_b3838,protein
translation_b3839,protein
translation_b3843,protein
translation_b3844,protein
translation_b3845,protein
translation_b3846,protein
translation_b3849,protein
translation_b3850,protein
translation_b3856,protein
translation_b3857,protein
translation_b3860,protein
translation_b3867,protein
translation_b3870,protein
translation_b3875,protein
translation_b3882,protein
translation_b3892,protein
translation_b3893,protein
translation_b3894,protein
translation_b3902,protein
translation_b3903,protein
translation_b3904,protein
translation_b3907,protein
translation_b3908,protein
translation_b3909,protein
translation_b3915,protein
translation_b3916,protein
translation_b3917,protein
translation_b3918,protein
translation_b3919,protein
translation_b3924,protein
translation_b3925,protein
translation_b3926,protein
translation_b3927,protein
translation_b3930,protein
translation_b3936,protein
translation_b3939,protein
translation_b3940,protein
translation_b3941,protein
translation_b3942,protein
translation_b3945,protein
translation_b3946,protein
translation_b3951,protein
translation_b3952,protein
translation_b3956,protein
translation_b3957,protein
translation_b3958,protein
translation_b3959,protein
translation_b3960,protein
translation_b3962,protein
translation_b3965,protein
translation_b3966,protein
translation_b3967,protein
translation_b3972,protein
translation_b3974,protein
translation_b3980,protein
translation_b3981,protein
translation_b3982,protein
translation_b3983,protein
translation_b3984,protein
translation_b3985,protein
translation_b3986,protein
translation_b3987,protein
translation_b3988,protein
translation_b3990,protein
translation_b3991,protein
translation_b4407,protein
translation_b3992,protein
translation_b3993,protein
translation_b3994,protein
translation_b3996,protein
translation_b3997,protein
translation_b4005,protein
translation_b4006,protein
translation_b4013,protein
translation_b4014,protein
translation_b4015,protein
translation_b4019,protein
translation_b4022,protein
translation_b4024,protein
translation_b4025,protein
translation_b4031,protein
translation_b4032,protein
translation_b4033,protein
translation_b4034,protein
translation_b4035,protein
translation_b4036,protein
translation_b4039,protein
translation_b4040,protein
translation_b4041,protein
translation_b4042,protein
translation_b4049,protein
translation_b4053,protein
translation_b4054,protein
translation_b4055,protein
translation_b4067,protein
translation_b4069,protein
translation_b4070,protein
translation_b4071,protein
translation_b4072,protein
translation_b4073,protein
translation_b4077,protein
translation_b4079,protein
translation_b4084,protein
translation_b4085,protein
translation_b4086,protein
translation_b4087,protein
translation_b4088,protein
translation_b4090,protein
translation_b4094,protein
translation_b4111,protein
translation_b4115,protein
translation_b4117,protein
translation_b4119,protein
translation_b4120,protein
translation_b4122,protein
translation_b4123,protein
translation_b4129,protein
translation_b4130,protein
translation_b4131,protein
translation_b4132,protein
translation_b4136,protein
translation_b4138,protein
translation_b4139,protein
translation_b4142,protein
translation_b4143,protein
translation_b4151,protein
translation_b4152,protein
translation_b4153,protein
translation_b4154,protein
translation_b4160,protein
translation_b4161,protein
translation_b4162,protein
translation_b4166,protein
translation_b4169,protein
translation_b4171,protein
translation_b4177,protein
translation_b4180,protein
translation_b4192,protein
translation_b4193,protein
translation_b4194,protein
translation_b4195,protein
translation_b4196,protein
translation_b4197,protein
translation_b4198,protein
translation_b4200,protein
translation_b4202,protein
translation_b4203,protein
translation_b4208,protein
translation_b4213,protein
translation_b4214,protein
translation_b4219,protein
translation_b4226,protein
translation_b4227,protein
translation_b4485,protein
translation_b4230,protein
translation_b4231,protein
translation_b4232,protein
translation_b4233,protein
translation_b4237,protein
translation_b4238,protein
translation_b4239,protein
translation_b4240,protein
translation_b4242,protein
translation_b4244,protein
translation_b4245,protein
translation_b4254,protein
translation_b4258,protein
translation_b4260,protein
translation_b4261,protein
translation_b4262,protein
translation_b4265,protein
translation_b4266,protein
translation_b4267,protein
translation_b4268,protein
translation_b4287,protein
translation_b4288,protein
translation_b4289,protein
translation_b4290,protein
translation_b4291,protein
translation_b4293,protein
translation_b4301,protein
translation_b4311,protein
translation_b4321,protein
translation_b4322,protein
translation_b4323,protein
translation_b4356,protein
translation_b4358,protein
translation_b4367,protein
translation_b4371,protein
translation_b4374,protein
translation_b4375,protein
translation_b4381,protein
translation_b4382,protein
translation_b4383,protein
translation_b4384,protein
translation_b4386,protein
translation_b4388,protein
translation_b4390,protein
translation_b4392,protein
translation_b4394,protein
translation_b4395,protein
translation_dummy,protein
dummy_protein_to_mass,unmodeled_protein
formation_ACETYL-COA-CARBOXYLMULTI-CPLX_mod_btn,prosthetic_group
formation_ACETOLACTSYNI-CPLX_mod_mg2_mod_fad_mod_thmpp,prosthetic_group
formation_PABASYN-CPLX_mod_mg2,prosthetic_group
formation_2OXOGLUTARATEDEH-CPLX_mod_mg2_mod_lipo,prosthetic_group
formation_ANTHRANSYN-CPLX_mod_mg2,prosthetic_group
formation_ANTHRANSYN-CPLX_mod_cobalt2,prosthetic_group
formation_ANTHRANSYN-CPLX_mod_fe2,prosthetic_group
formation_ASPCARBTRANS-CPLX_mod_zn2,prosthetic_group
formation_ATPSYN-CPLX_mod_mg2,prosthetic_group
formation_CARBPSYN-CPLX_mod_mg2,prosthetic_group
formation_CARBPSYN-CPLX_mod_mn2,prosthetic_group
formation_CARBPSYN-CPLX_mod_cobalt2,prosthetic_group
formation_CARBPSYN-CPLX_mod_cd2,prosthetic_group
formation_CARBPSYN-CPLX_mod_zn2,prosthetic_group
formation_APP-UBIOX-CPLX_mod_pheme_mod_hemed,prosthetic_group
formation_CYT-D-UBIOX-CPLX_mod_pheme_mod_hemed,prosthetic_group
formation_DIMESULFREDUCT-CPLX_mod_bmocogdp,prosthetic_group
formation_ETHAMLY-CPLX_mod_adocbl,prosthetic_group
formation_SULFITE-REDUCT-CPLX_mod_4fe4s_mod_sheme_mod_fmn_mod_fad,prosthetic_group
formation_FORMATEDEHYDROGO-CPLX_mod_bmocogdp,prosthetic_group
formation_FORMATEDEHYDROGN-CPLX_mod_bmocogdp,prosthetic_group
formation_HYDROG3-CPLX_mod_ni2,prosthetic_group
formation_FUMARATE-REDUCTASE_mod_1:pheme_mod_3fe4s_mod_4fe4s_mod_fad_mod_2fe2s,prosthetic_group
formation_ANGLYC3PDEHYDROG-CPLX_mod_fmn,prosthetic_group
formation_GLUTAMATESYN-CPLX_mod_fe2_mod_fad,prosthetic_group
formation_FORMHYDROGI-CPLX_mod_ni2_mod_4fe4s,prosthetic_group
formation_FORMHYDROG2-CPLX_mod_ni2_mod_fe2,prosthetic_group
formation_NADH-DHI-CPLX_mod_2fe2s_mod_4fe4s_mod_fmn,prosthetic_group
formation_NITRITREDUCT-CPLX_mod_2fe2s_mod_fad_mod_sheme,prosthetic_group
formation_PYRUVATEDEH-CPLX_mod_mg2_mod_fad_mod_thmpp_mod_lipo,prosthetic_group
formation_Phe_RS_tetra_mod_mg2,prosthetic_group
formation_SUCC-DEHASE_mod_3fe4s_mod_fad_mod_2fe2s_mod_4fe4s,prosthetic_group
formation_LTARTDEHYDRA-CPLX_mod_4fe4s,prosthetic_group
formation_TMAOREDUCTI-CPLX_mod_bmocogdp,prosthetic_group
formation_TRYPSYN_mod_pydx5p,prosthetic_group
formation_CPLX0-1762_mod_fad_mod_2fe2s,prosthetic_group
formation_AAS-MONOMER_mod_mg2,prosthetic_group
formation_CPLX0-1_mod_fad,prosthetic_group
formation_RIBONUCLEOSIDE-DIP-REDUCTI-CPLX_mod_mg2_mod_fe2,prosthetic_group
formation_CPLX0-301_mod_mn2,prosthetic_group
formation_PHOSGLYCMUTASE_mod_23bpg,prosthetic_group
formation_PPPGPPHYDRO-CPLX_mod_nh4_mod_mg2,prosthetic_group
formation_CPLX0-7630_mod_ca2,prosthetic_group
formation_ALPHA-AMYL-PERI-MONOMER_mod_ca2,prosthetic_group
formation_G6437-MONOMER_mod_ca2_mod_pqq,prosthetic_group
formation_GLYCPDIESTER-PERI-CPLX_mod_ca2,prosthetic_group
formation_DIACYLGLYKIN-CPLX_mod_cd2_mod_zn2_mod_mg2_mod_mn2_mod_cobalt2,prosthetic_group
formation_AROB-MONOMER_mod_cobalt2_mod_nad,prosthetic_group
formation_EG11817-MONOMER_mod_cobalt2,prosthetic_group
formation_EG11957-MONOMER_mod_cobalt2,prosthetic_group
formation_CPLX0-7625_mod_cobalt2,prosthetic_group
formation_CPLX0-7622_mod_4fe4s,prosthetic_group
formation_LSERINEDEAM1-MONOMER_mod_4fe4s,prosthetic_group
formation_LSERINEDEAM2-MONOMER_mod_4fe4s,prosthetic_group
formation_G6886-MONOMER_mod_cu2,prosthetic_group
formation_METHYLENETHFREDUCT-CPLX_mod_fad,prosthetic_group
formation_UDHA-CPLX_mod_fad,prosthetic_group
formation_ADHE-CPLX_mod_fe2,prosthetic_group
formation_AROF-CPLX_mod_2:fe2,prosthetic_group
formation_AROG-CPLX_mod_fe2,prosthetic_group
formation_GALACTARDEHYDRA-MONOMER_mod_fe2,prosthetic_group
formation_GALACTURIDYLYLTRANS-CPLX_mod_fe2_mod_zn2,prosthetic_group
formation_CPLX0-227_mod_fe2,prosthetic_group
formation_LACTALDREDUCT-CPLX_mod_fe2,prosthetic_group
formation_SUPEROX-DISMUTFE-CPLX_mod_fe3,prosthetic_group
formation_AROC-CPLX_mod_fmnh2,prosthetic_group
formation_AROC-CPLX_mod_fadh2,prosthetic_group
formation_CFA-CPLX_mod_hco3,prosthetic_group
formation_CPLX0-7882_mod_hco3,prosthetic_group
formation_RHAMNULPALDOL-CPLX_mod_k_mod_zn2,prosthetic_group
formation_S-ADENMETSYN-CPLX_mod_4:k_mod_1:mg2,prosthetic_group
formation_S-ADENMETSYN-CPLX_mod_4:k_mod_1:mn2,prosthetic_group
formation_S-ADENMETSYN-CPLX_mod_4:k_mod_1:cobalt2,prosthetic_group
formation_S-ADENMETSYN-CPLX_mod_4:k_mod_1:zn2,prosthetic_group
formation_S-ADENMETSYN-CPLX_mod_4:k_mod_1:cd2,prosthetic_group
formation_S-ADENMETSYN-CPLX_mod_4:k_mod_1:ni2,prosthetic_group
formation_S-ADENMETSYN-CPLX_mod_4:k_mod_1:ca2,prosthetic_group
formation_S-ADENMETSYN-CPLX_mod_4:nh4_mod_1:mg2,prosthetic_group
formation_S-ADENMETSYN-CPLX_mod_4:nh4_mod_1:mn2,prosthetic_group
formation_S-ADENMETSYN-CPLX_mod_4:nh4_mod_1:cobalt2,prosthetic_group
formation_S-ADENMETSYN-CPLX_mod_4:nh4_mod_1:zn2,prosthetic_group
formation_S-ADENMETSYN-CPLX_mod_4:nh4_mod_1:cd2,prosthetic_group
formation_S-ADENMETSYN-CPLX_mod_4:nh4_mod_1:ni2,prosthetic_group
formation_S-ADENMETSYN-CPLX_mod_4:nh4_mod_1:ca2,prosthetic_group
formation_S-ADENMETSYN-CPLX_mod_4:tl_mod_1:mg2,prosthetic_group
formation_S-ADENMETSYN-CPLX_mod_4:tl_mod_1:mn2,prosthetic_group
formation_S-ADENMETSYN-CPLX_mod_4:tl_mod_1:cobalt2,prosthetic_group
formation_S-ADENMETSYN-CPLX_mod_4:tl_mod_1:zn2,prosthetic_group
formation_S-ADENMETSYN-CPLX_mod_4:tl_mod_1:cd2,prosthetic_group
formation_S-ADENMETSYN-CPLX_mod_4:tl_mod_1:ni2,prosthetic_group
formation_S-ADENMETSYN-CPLX_mod_4:tl_mod_1:ca2,prosthetic_group
formation_S-ADENMETSYN-CPLX_mod_4:cs_mod_1:mg2,prosthetic_group
formation_S-ADENMETSYN-CPLX_mod_4:cs_mod_1:mn2,prosthetic_group
formation_S-ADENMETSYN-CPLX_mod_4:cs_mod_1:cobalt2,prosthetic_group
formation_S-ADENMETSYN-CPLX_mod_4:cs_mod_1:zn2,prosthetic_group
formation_S-ADENMETSYN-CPLX_mod_4:cs_mod_1:cd2,prosthetic_group
formation_S-ADENMETSYN-CPLX_mod_4:cs_mod_1:ni2,prosthetic_group
formation_S-ADENMETSYN-CPLX_mod_4:cs_mod_1:ca2,prosthetic_group
formation_S-ADENMETSYN-CPLX_mod_4:LI_mod_1:mg2,prosthetic_group
formation_S-ADENMETSYN-CPLX_mod_4:LI_mod_1:mn2,prosthetic_group
formation_S-ADENMETSYN-CPLX_mod_4:LI_mod_1:cobalt2,prosthetic_group
formation_S-ADENMETSYN-CPLX_mod_4:LI_mod_1:zn2,prosthetic_group
formation_S-ADENMETSYN-CPLX_mod_4:LI_mod_1:cd2,prosthetic_group
formation_S-ADENMETSYN-CPLX_mod_4:LI_mod_1:ni2,prosthetic_group
formation_S-ADENMETSYN-CPLX_mod_4:LI_mod_1:ca2,prosthetic_group
formation_S-ADENMETSYN-CPLX_mod_4:na1_mod_1:mg2,prosthetic_group
formation_S-ADENMETSYN-CPLX_mod_4:na1_mod_1:mn2,prosthetic_group
formation_S-ADENMETSYN-CPLX_mod_4:na1_mod_1:cobalt2,prosthetic_group
formation_S-ADENMETSYN-CPLX_mod_4:na1_mod_1:zn2,prosthetic_group
formation_S-ADENMETSYN-CPLX_mod_4:na1_mod_1:cd2,prosthetic_group
formation_S-ADENMETSYN-CPLX_mod_4:na1_mod_1:ni2,prosthetic_group
formation_S-ADENMETSYN-CPLX_mod_4:na1_mod_1:ca2,prosthetic_group
formation_PKI-COMPLEX_mod_mg2_mod_k,prosthetic_group
formation_PKI-COMPLEX_mod_mn2_mod_k,prosthetic_group
formation_PKII-CPLX_mod_mg2_mod_k,prosthetic_group
formation_PKII-CPLX_mod_mn2_mod_k,prosthetic_group
formation_PANTOATE-BETA-ALANINE-LIG-CPLX_mod_mg2_mod_k,prosthetic_group
formation_PANTOATE-BETA-ALANINE-LIG-CPLX_mod_mg2_mod_nh4,prosthetic_group
formation_PANTOATE-BETA-ALANINE-LIG-CPLX_mod_mn2_mod_k,prosthetic_group
formation_PANTOATE-BETA-ALANINE-LIG-CPLX_mod_mn2_mod_nh4,prosthetic_group
formation_HOMOSERKIN-CPLX_mod_k_mod_mg2,prosthetic_group
formation_AIRS-CPLX_mod_k_mod_mg2,prosthetic_group
formation_CPLX0-322_mod_k_mod_mg2,prosthetic_group
formation_CPLX0-7647_mod_k_mod_mg2,prosthetic_group
formation_UDP-NACMURALA-GLU-LIG-MONOMER_mod_k_mod_mg2,prosthetic_group
formation_G6986-MONOMER_mod_k_mod_mg2,prosthetic_group
formation_NADH-DHII-MONOMER_mod_mg2_mod_cu_mod_fad,prosthetic_group
formation_ARGDECARBOXBIO-CPLX_mod_mg2_mod_4:pydx5p,prosthetic_group
formation_PYRUVOXID-CPLX_mod_mg2_mod_thmpp_mod_fad,prosthetic_group
formation_PEPCARBOXYKIN-MONOMER_mod_mg2,prosthetic_group
formation_PEPCARBOXYKIN-MONOMER_mod_ca2,prosthetic_group
formation_PEPCARBOXYKIN-MONOMER_mod_mn2,prosthetic_group
formation_HEMEOSYN-MONOMER_mod_mg2,prosthetic_group
formation_HEMEOSYN-MONOMER_mod_ca2,prosthetic_group
formation_GLY3KIN-MONOMER_mod_mg2,prosthetic_group
formation_GLY3KIN-MONOMER_mod_cobalt2,prosthetic_group
formation_GLY3KIN-MONOMER_mod_mn2,prosthetic_group
formation_GLY3KIN-MONOMER_mod_fe2,prosthetic_group
formation_GLY3KIN-MONOMER_mod_ca2,prosthetic_group
formation_PD04413_mod_mg2,prosthetic_group
formation_PD04413_mod_mn2,prosthetic_group
formation_PD04413_mod_ca2,prosthetic_group
formation_PD04413_mod_zn2,prosthetic_group
formation_PD04413_mod_cu2,prosthetic_group
formation_PD04413_mod_cd2,prosthetic_group
formation_PD04413_mod_cobalt2,prosthetic_group
formation_PD04413_mod_ni2,prosthetic_group
formation_NUCLEOSIDE-DIP-KIN-CPLX_mod_mg2,prosthetic_group
formation_NUCLEOSIDE-DIP-KIN-CPLX_mod_mn2,prosthetic_group
formation_NUCLEOSIDE-DIP-KIN-CPLX_mod_ca2,prosthetic_group
formation_FOLXTET-CPLX_mod_mg2,prosthetic_group
formation_FOLXTET-CPLX_mod_mn2,prosthetic_group
formation_FOLXTET-CPLX_mod_ca2,prosthetic_group
formation_ADENYLYLSULFKIN-CPLX_mod_mg2,prosthetic_group
formation_ADENYLYLSULFKIN-CPLX_mod_mn2,prosthetic_group
formation_ADENYLYLSULFKIN-CPLX_mod_cobalt2,prosthetic_group
formation_ADENYLYLSULFKIN-CPLX_mod_cd2,prosthetic_group
formation_ASPARTASE-CPLX_mod_mg2,prosthetic_group
formation_ASPARTASE-CPLX_mod_mn2,prosthetic_group
formation_ASPARTASE-CPLX_mod_cobalt2,prosthetic_group
formation_CPLX0-7712_mod_mg2,prosthetic_group
formation_CPLX0-7712_mod_mn2,prosthetic_group
formation_NAD-SYNTH-CPLX_mod_mg2,prosthetic_group
formation_NAD-SYNTH-CPLX_mod_mn2,prosthetic_group
formation_ADENPRIBOSYLTRAN-CPLX_mod_mg2,prosthetic_group
formation_ADENPRIBOSYLTRAN-CPLX_mod_mn2,prosthetic_group
formation_GLYCEROL-KIN-CPLX_mod_mg2,prosthetic_group
formation_GLYCEROL-KIN-CPLX_mod_mn2,prosthetic_group
formation_HOLO-ACP-SYNTH-CPLX_mod_mg2,prosthetic_group
formation_HOLO-ACP-SYNTH-CPLX_mod_mn2,prosthetic_group
formation_ISOCIT-LYASE_mod_mg2,prosthetic_group
formation_ISOCIT-LYASE_mod_mn2,prosthetic_group
formation_FPPSYN-MONOMER_mod_mg2,prosthetic_group
formation_FPPSYN-MONOMER_mod_mn2,prosthetic_group
formation_G6954-MONOMER_mod_mg2,prosthetic_group
formation_G6954-MONOMER_mod_mn2,prosthetic_group
formation_EG11829-MONOMER_mod_mg2,prosthetic_group
formation_EG11829-MONOMER_mod_mn2,prosthetic_group
formation_IMIDHISTID-CPLX_mod_mg2,prosthetic_group
formation_AROK-MONOMER_mod_mg2,prosthetic_group
formation_AROK-MONOMER_mod_mn2,prosthetic_group
formation_AROK-MONOMER_mod_cobalt2,prosthetic_group
formation_AROK-MONOMER_mod_fe2,prosthetic_group
formation_AROK-MONOMER_mod_ca2,prosthetic_group
formation_AROK-MONOMER_mod_k,prosthetic_group
formation_AROL-MONOMER_mod_mg2,prosthetic_group
formation_AROL-MONOMER_mod_mn2,prosthetic_group
formation_AROL-MONOMER_mod_cobalt2,prosthetic_group
formation_AROL-MONOMER_mod_fe2,prosthetic_group
formation_AROL-MONOMER_mod_ca2,prosthetic_group
formation_AROL-MONOMER_mod_k,prosthetic_group
formation_6PFK-2-CPX_mod_mg2,prosthetic_group
formation_CPLX0-1622_mod_mg2,prosthetic_group
formation_ACETATEKINA-MONOMER_mod_mg2,prosthetic_group
formation_GLUCARDEHYDRA-MONOMER_mod_mg2,prosthetic_group
formation_GMP-SYN-CPLX_mod_mg2,prosthetic_group
formation_1-PFK_mod_mg2,prosthetic_group
formation_3-METHYL-2-OXOBUT-OHCH3XFER-CPLX_mod_mg2,prosthetic_group
formation_ACETYLGLUTKIN-CPLX_mod_mg2,prosthetic_group
formation_ACYLCOASYN-CPLX_mod_mg2,prosthetic_group
formation_ADENYLOSUCCINATE-SYN-DIMER_mod_mg2,prosthetic_group
formation_APHA-CPLX_mod_mg2,prosthetic_group
formation_ASNSYNA-CPLX_mod_mg2,prosthetic_group
formation_ASNSYNB-CPLX_mod_mg2,prosthetic_group
formation_COADTRI-CPLX_mod_mg2,prosthetic_group
formation_CPLX0-1021_mod_mg2,prosthetic_group
formation_CPLX0-1221_mod_mg2,prosthetic_group
formation_GTP-CYCLOHYDRO-II-CPLX_mod_mg2,prosthetic_group
formation_Trp_RS_dim_mod_mg2,prosthetic_group
formation_UDP-NACMUR-ALA-LIG-MONOMER_mod_mg2,prosthetic_group
formation_EG11736-MONOMER_mod_mg2,prosthetic_group
formation_THI-P-KIN-MONOMER_mod_mg2,prosthetic_group
formation_PGPPHOSPHAA-MONOMER_mod_mg2,prosthetic_group
formation_ADENYL-KIN-MONOMER_mod_mg2,prosthetic_group
formation_ENTC-MONOMER_mod_mg2,prosthetic_group
formation_NICONUCADENYLYLTRAN-MONOMER_mod_mg2,prosthetic_group
formation_PHOSPHOGLUCMUT-MONOMER_mod_mg2,prosthetic_group
formation_GALACTOKIN-MONOMER_mod_mg2,prosthetic_group
formation_EG11239-MONOMER_mod_mg2,prosthetic_group
formation_G6425-MONOMER_mod_mg2,prosthetic_group
formation_TETRAACYLDISACC4KIN-MONOMER_mod_mg2,prosthetic_group
formation_CPM-KDOSYNTH-MONOMER_mod_mg2,prosthetic_group
formation_DTMPKI-MONOMER_mod_mg2,prosthetic_group
formation_THIKIN-MONOMER_mod_mg2,prosthetic_group
formation_G6880-MONOMER_mod_mg2,prosthetic_group
formation_EG10943-MONOMER_mod_mg2,prosthetic_group
formation_H2NEOPTERINP3PYROPHOSPHOHYDRO-MONOMER_mod_mg2,prosthetic_group
formation_ArgS_mono_mod_mg2,prosthetic_group
formation_TREHALOSEPHOSPHASYN-MONOMER_mod_mg2,prosthetic_group
formation_PHOSPHAGLYPSYN-MONOMER_mod_mg2,prosthetic_group
formation_DTDPGLUCOSEPP-MONOMER_mod_mg2,prosthetic_group
formation_UDK-MONOMER_mod_mg2,prosthetic_group
formation_O-SUCCINYLBENZOATE-COA-SYN-MONOMER_mod_mg2,prosthetic_group
formation_EG10534-MONOMER_mod_mg2,prosthetic_group
formation_EG10983-MONOMER_mod_mg2,prosthetic_group
formation_FGAMSYN-MONOMER_mod_mg2,prosthetic_group
formation_GLUTCYSLIG-MONOMER_mod_mg2,prosthetic_group
formation_G7408-MONOMER_mod_mg2,prosthetic_group
formation_FUCULOKIN-MONOMER_mod_mg2,prosthetic_group
formation_G7496-MONOMER_mod_mg2,prosthetic_group
formation_MALSYNG-MONOMER_mod_mg2,prosthetic_group
formation_GLYCPDIESTER-CYTO-MONOMER_mod_mg2,prosthetic_group
formation_DEOXYGLUCONOKIN-MONOMER_mod_mg2,prosthetic_group
formation_GLCNACPTRANS-MONOMER_mod_mg2,prosthetic_group
formation_ADENYLATECYC-MONOMER_mod_mg2,prosthetic_group
formation_EG11470-MONOMER_mod_mg2,prosthetic_group
formation_RHAMNULOKIN-MONOMER_mod_mg2,prosthetic_group
formation_DMK-MONOMER_mod_mg2,prosthetic_group
formation_THIE-MONOMER_mod_mg2,prosthetic_group
formation_4OHBENZOATE-OCTAPRENYLTRANSFER-MONOMER_mod_mg2,prosthetic_group
formation_EG10043-MONOMER_mod_mg2,prosthetic_group
formation_EG12440-MONOMER_mod_mg2,prosthetic_group
formation_ValS_mono_mod_mg2,prosthetic_group
formation_PSERPHOSPHA-MONOMER_mod_mg2,prosthetic_group
formation_PRPPSYN-MONOMER_mod_mg2_mod_pi,prosthetic_group
formation_PRPPSYN-MONOMER_mod_mn2_mod_pi,prosthetic_group
formation_GPH-MONOMER_mod_mg2_mod_cl,prosthetic_group
formation_CDPDIGLYSYN-MONOMER_mod_mg2_mod_k,prosthetic_group
formation_Fmt_mono_mod_mg2_mod_k,prosthetic_group
formation_CPLX0-7525_mod_mg2_mod_mn2_mod_thmpp,prosthetic_group
formation_3-ISOPROPYLMALDEHYDROG-CPLX_mod_mg2_mod_mn2,prosthetic_group
formation_GltX_mono_mod_mg2_mod_1:zn2,prosthetic_group
formation_GLYOCARBOLIG-CPLX_mod_mg2_mod_thmpp_mod_fad,prosthetic_group
formation_CPLX0-234_mod_mg2,prosthetic_group
formation_CPLX0-234_mod_mn2,prosthetic_group
formation_CPLX0-234_mod_cobalt2,prosthetic_group
formation_CPLX0-238_mod_mg2,prosthetic_group
formation_CPLX0-243_mod_mg2,prosthetic_group
formation_CPLX0-3482_mod_mg2,prosthetic_group
formation_CPLX0-3721_mod_mg2,prosthetic_group
formation_CPLX0-3841_mod_mg2,prosthetic_group
formation_CPLX0-3948_mod_mg2,prosthetic_group
formation_CPLX0-682_mod_mg2,prosthetic_group
formation_CPLX0-7426_mod_mg2,prosthetic_group
formation_CPLX0-7615_mod_mg2,prosthetic_group
formation_CPLX0-7692_mod_mg2,prosthetic_group
formation_CPLX0-7704_mod_mg2,prosthetic_group
formation_CPLX0-7709_mod_mg2,prosthetic_group
formation_CPLX0-7744_mod_mg2,prosthetic_group
formation_CPLX0-7826_mod_mg2,prosthetic_group
formation_CTPSYN-CPLX_mod_mg2,prosthetic_group
formation_DETHIOBIOTIN-SYN-CPLX_mod_mg2,prosthetic_group
formation_DGTPTRIPHYDRO-CPLX_mod_mg2,prosthetic_group
formation_DIOHBUTANONEPSYN-CPLX_mod_mg2,prosthetic_group
formation_Eno_dim_mod_4:mg2,prosthetic_group
formation_F16B-CPLX_mod_mg2,prosthetic_group
formation_GLUC1PADENYLTRANS-CPLX_mod_mg2,prosthetic_group
formation_GLUCONOKINII-CPLX_mod_mg2,prosthetic_group
formation_GLUTATHIONE-SYN-CPLX_mod_mg2,prosthetic_group
formation_GLUTKIN-CPLX_mod_mg2,prosthetic_group
formation_H2PTEROATESYNTH-CPLX_mod_mg2,prosthetic_group
formation_His_RS_dim_mod_4:mg2,prosthetic_group
formation_KDO-8PPHOSPHAT-CPLX_mod_mg2,prosthetic_group
formation_MENE-CPLX_mod_mg2,prosthetic_group
formation_MENF-CPLX_mod_mg2,prosthetic_group
formation_NAG1P-URIDYLTRANS-CPLX_mod_mg2,prosthetic_group
formation_OROPRIBTRANS-CPLX_mod_mg2,prosthetic_group
formation_PANTOTHENATE-KIN-CPLX_mod_mg2,prosthetic_group
formation_PEPCARBOX-CPLX_mod_mg2,prosthetic_group
formation_PEPSYNTH-CPLX_mod_mg2,prosthetic_group
formation_PPX-CPLX_mod_mg2,prosthetic_group
formation_PRPPAMIDOTRANS-CPLX_mod_mg2,prosthetic_group
formation_QUINOPRIBOTRANS-CPLX_mod_mg2,prosthetic_group
formation_THYMIDYLATESYN-CPLX_mod_mg2,prosthetic_group
formation_UPPSYN-CPLX_mod_mg2,prosthetic_group
formation_H2PTERIDINEPYROPHOSPHOKIN-MONOMER_mod_mg2,prosthetic_group
formation_DXPREDISOM-CPLX_mod_mn2,prosthetic_group
formation_DXPREDISOM-CPLX_mod_cobalt2,prosthetic_group
formation_DXPREDISOM-CPLX_mod_mg2,prosthetic_group
formation_MALIC-NAD-CPLX_mod_mn2,prosthetic_group
formation_MALIC-NAD-CPLX_mod_mg2,prosthetic_group
formation_MALIC-NADP-CPLX_mod_mn2,prosthetic_group
formation_MALIC-NADP-CPLX_mod_mg2,prosthetic_group
formation_SUPEROX-DISMUTMN-CPLX_mod_mn2,prosthetic_group
formation_AGMATIN-CPLX_mod_2:mn2,prosthetic_group
formation_ALPHAGALACTOSID-CPLX_mod_mn2,prosthetic_group
formation_EG12115-MONOMER_mod_mn2,prosthetic_group
formation_PPENTOMUT-MONOMER_mod_mn2,prosthetic_group
formation_TRANSKETOI-CPLX_mod_thmpp_mod_mn2_mod_mg2,prosthetic_group
formation_EG10626-MONOMER_mod_mn2_mod_mg2,prosthetic_group
formation_ARABISOM-CPLX_mod_mn2,prosthetic_group
formation_CPLX0-1683_mod_mn2,prosthetic_group
formation_CPLX0-303_mod_mn2,prosthetic_group
formation_CPLX0-721_mod_mn2,prosthetic_group
formation_CPLX0-7631_mod_mn2,prosthetic_group
formation_CPLX0-7776_mod_mn2,prosthetic_group
formation_CPLX0-7808_mod_mn2,prosthetic_group
formation_CPLX0-7848_mod_mn2,prosthetic_group
formation_CPLX-7524_mod_mn2,prosthetic_group
formation_GLUTAMINESYN-OLIGOMER_mod_mn2,prosthetic_group
formation_HISTDEHYD-CPLX_mod_mn2,prosthetic_group
formation_XYLISOM-CPLX_mod_mn2,prosthetic_group
formation_EG10124-MONOMER_mod_bmocogdp,prosthetic_group
formation_CPLX0-3681_mod_nadp,prosthetic_group
formation_CPLX0-7564_mod_nadph_mod_nadh_mod_fad_mod_cobalt2,prosthetic_group
formation_GLYOXI-CPLX_mod_ni2,prosthetic_group
formation_CPLX0-7838_mod_pydx5p,prosthetic_group
formation_DIAMINOPIMDECARB-CPLX_mod_pydx5p,prosthetic_group
formation_CPLX0-743_mod_thmpp,prosthetic_group
formation_G6701-MONOMER_mod_thmpp,prosthetic_group
formation_HOMOCYSMETB12-MONOMER_mod_zn2_mod_cbl1,prosthetic_group
formation_Ala_RS_tetra_mod_4:zn2,prosthetic_group
formation_ADHC-CPLX_mod_zn2,prosthetic_group
formation_ACETYLORNDEACET-CPLX_mod_zn2,prosthetic_group
formation_CPLX0-7521_mod_zn2,prosthetic_group
formation_CysS_mono_mod_1:zn2,prosthetic_group
formation_G7502-MONOMER_mod_zn2,prosthetic_group
formation_HOMOCYSMET-MONOMER_mod_zn2,prosthetic_group
formation_CPLX-64_mod_cobalt2_mod_zn2,prosthetic_group
formation_CPLX-64_mod_mn2_mod_zn2,prosthetic_group
formation_CPLX-64_mod_ni2_mod_zn2,prosthetic_group
formation_CPLX0-3161_mod_zn2_mod_cobalt2,prosthetic_group
formation_CYTDEAM-MONOMER_mod_fe2_mod_zn2,prosthetic_group
formation_CYTDEAM-MONOMER_mod_mn2_mod_zn2,prosthetic_group
formation_CYTDEAM-MONOMER_mod_cobalt2_mod_zn2,prosthetic_group
formation_EG11095-MONOMER_mod_zn2_mod_fe2_mod_cobalt2_mod_mg2_mod_mn2,prosthetic_group
formation_IPPISOM-MONOMER_mod_mg2_mod_zn2,prosthetic_group
formation_IPPISOM-MONOMER_mod_mn2_mod_zn2,prosthetic_group
formation_DIHYDROOROT-CPLX_mod_2:zn2,prosthetic_group
formation_CPLX0-3061_mod_zn2,prosthetic_group
formation_CPLX0-7633_mod_zn2,prosthetic_group
formation_CYTIDEAM-CPLX_mod_zn2,prosthetic_group
formation_DUTP-PYROP-CPLX_mod_zn2,prosthetic_group
formation_FOLE-CPLX_mod_zn2,prosthetic_group
formation_Met_RS_dim_mod_2:zn2,prosthetic_group
formation_NAG6PDEACET-CPLX_mod_zn2,prosthetic_group
formation_PORPHOBILSYNTH-CPLX_mod_zn2,prosthetic_group
formation_RIBULPEPIM-CPLX_mod_zn2,prosthetic_group
formation_Thr_RS_dim_mod_zn2,prosthetic_group
formation_IleS_mono_mod_2:zn2,prosthetic_group
formation_GLYOXII-MONOMER_mod_zn2,prosthetic_group
formation_CPLX0-7760_mod_4fe4s,prosthetic_group
formation_CPLX0-7761_mod_4fe4s,prosthetic_group
formation_DIHYDROXYACIDDEHYDRAT-CPLX_mod_4fe4s,prosthetic_group
formation_FUMARASE-A_mod_4fe4s,prosthetic_group
formation_FUMARASE-B_mod_4fe4s,prosthetic_group
formation_HEMN-MONOMER_mod_4fe4s,prosthetic_group
formation_BIOTIN-SYN-CPLX_mod_4fe4s_mod_2fe2s,prosthetic_group
formation_OHMETHYLBILANESYN-MONOMER_mod_dpm,prosthetic_group
formation_DIHYDROPTERIREDUCT-CPLX_mod_fad,prosthetic_group
formation_GLUTATHIONE-REDUCT-NADPH-CPLX_mod_fad,prosthetic_group
formation_SARCOX-MONOMER_mod_fad,prosthetic_group
formation_GALPMUT-MONOMER_mod_fad,prosthetic_group
formation_DLACTDEHYDROGFAD-MONOMER_mod_fad,prosthetic_group
formation_L-ASPARTATE-OXID-MONOMER_mod_fad,prosthetic_group
formation_UDPNACETYLMURAMATEDEHYDROG-MONOMER_mod_fad,prosthetic_group
formation_EG10456-MONOMER_mod_fad_mod_pheme,prosthetic_group
formation_PDXH-CPLX_mod_fmn,prosthetic_group
formation_L-LACTDEHYDROGFMN-MONOMER_mod_fmn,prosthetic_group
formation_HYDROPEROXIDII-CPLX_mod_6:hemed,prosthetic_group
formation_DTDPGLUCDEHYDRAT-CPLX_mod_nad,prosthetic_group
formation_UDPGLUCEPIM-CPLX_mod_nad,prosthetic_group
formation_HYDROPEROXIDI-CPLX_mod_pheme,prosthetic_group
formation_ARGDECARBOXDEG-CPLX_mod_pydx5p,prosthetic_group
formation_O-SUCCHOMOSERLYASE-CPLX_mod_pydx5p,prosthetic_group
formation_ACSERLYA-CPLX_mod_2:pydx5p,prosthetic_group
formation_GABATRANSAM-CPLX_mod_pydx5p,prosthetic_group
formation_VALINE-PYRUVATE-AMINOTRANSFER-MONOMER_mod_pydx5p,prosthetic_group
formation_ACSERLYB-CPLX_mod_pydx5p,prosthetic_group
formation_AKBLIG-CPLX_mod_pydx5p,prosthetic_group
formation_CPLX0-1401_mod_pydx5p,prosthetic_group
formation_CPLX0-7465_mod_pydx5p,prosthetic_group
formation_DAPASYN-CPLX_mod_pydx5p,prosthetic_group
formation_DCYSDESULF-CPLX_mod_pydx5p,prosthetic_group
formation_GLUTDECARBOXA-CPLX_mod_pydx5p,prosthetic_group
formation_GLUTDECARBOXB-CPLX_mod_pydx5p,prosthetic_group
formation_GLYCOPHOSPHORYL-CPLX_mod_pydx5p,prosthetic_group
formation_GSAAMINOTRANS-CPLX_mod_pydx5p,prosthetic_group
formation_HISTPHOSTRANS-CPLX_mod_pydx5p,prosthetic_group
formation_LDC2-CPLX_mod_pydx5p,prosthetic_group
formation_LYSDECARBOX-CPLX_mod_pydx5p,prosthetic_group
formation_MALDEXPHOSPHORYL-CPLX_mod_pydx5p,prosthetic_group
formation_ORNDECARBOX-BIO-CPLX_mod_pydx5p,prosthetic_group
formation_ORNDECARBOXDEG-CPLX_mod_pydx5p,prosthetic_group
formation_PSERTRANSAM-CPLX_mod_pydx5p,prosthetic_group
formation_THREDEHYDCAT-CPLX_mod_pydx5p,prosthetic_group
formation_THREDEHYDSYN-CPLX_mod_pydx5p,prosthetic_group
formation_THRESYN-MONOMER_mod_pydx5p,prosthetic_group
formation_G7166-MONOMER_mod_pydx5p,prosthetic_group
formation_DSERDEAM-MONOMER_mod_pydx5p,prosthetic_group
formation_G7596-MONOMER_mod_pydx5p,prosthetic_group
formation_ACETYLORNTRANSAM-CPLX_mod_pydx5p,prosthetic_group
formation_CARBODEHYDRAT-CPLX_mod_zn2,prosthetic_group
formation_ALKAPHOSPHA-CPLX_mod_zn2_mod_mg2,prosthetic_group
formation_THREODEHYD-CPLX_mod_zn2,prosthetic_group
formation_CPLX0-7741_mod_adocbl,prosthetic_group
formation_CPLX0-7719_mod_4fe4s,prosthetic_group
formation_EG12069-MONOMER_mod_fad,prosthetic_group
formation_BETAGALACTOSID-CPLX_mod_mg2,prosthetic_group
formation_PGMI-MONOMER_mod_mn2,prosthetic_group
formation_UDPGLCNACEPIM-MONOMER_mod_nad,prosthetic_group
formation_DTDPGLUCDEHYDRAT2-MONOMER_mod_nad,prosthetic_group
formation_GDPMANDEHYDRA-CPLX_mod_nadp,prosthetic_group
formation_SelA_deca_mod_10:pydx5p,prosthetic_group
formation_LTAA-CPLX_mod_pydx5p,prosthetic_group
formation_G6646-MONOMER_mod_pydx5p,prosthetic_group
formation_USHA-MONOMER_mod_zn2,prosthetic_group
formation_CPLX0-253_mod_fad,prosthetic_group
formation_AROH-CPLX_mod_fe3,prosthetic_group
formation_GLYCRIBONUCSYN-MONOMER_mod_mg2,prosthetic_group
formation_BRANCHED-CHAINAMINOTRANSFER-CPLX_mod_6:pydx5p,prosthetic_group
formation_AERGLYC3PDEHYDROG-CPLX_mod_1:fad,prosthetic_group
formation_SUCCORNTRANSAM-CPLX_mod_pydx5p,prosthetic_group
formation_ISOCITHASE-CPLX_mod_mn2,prosthetic_group
formation_ISOCITHASE-CPLX_mod_mg2,prosthetic_group
formation_CPLX0-250_FORMATEDEHYDROGH-MONOMER_mod_8:4fe4s_mod_2:2fe2s_mod_bmocogdp_mod_NiFeCoCN2,prosthetic_group
formation_G6523-MONOMER_G6518-MONOMER_mod_fmn,prosthetic_group
formation_EG10370-MONOMER_mod_mn2,prosthetic_group
formation_NITRATREDUCTA-CPLX_mod_bmocogdp_mod_3fe4s_mod_4fe4s,prosthetic_group
formation_FLAVONADPREDUCT-MONOMER_mod_fad,prosthetic_group
formation_NITRATREDUCTZ-CPLX_mod_bmocogdp_mod_2:pheme_mod_3:4fe4s_mod_1:3fe4s,prosthetic_group
formation_CPLX0-782_mod_2:4fe4s,prosthetic_group
formation_GCVMULTI-CPLX_mod_lipo,prosthetic_group
formation_IMIDHISTID-CPLX_mod_mn2,prosthetic_group
formation_CPLX0-341_mod_fmn,prosthetic_group
formation_CPLX0-341_mod_mg2,prosthetic_group
formation_CPLX0-1261_mod_thmpp,prosthetic_group
formation_PUTA-CPLX_mod_fad,prosthetic_group
formation_CPLX0-7652_mod_mn2,prosthetic_group
formation_CPLX0-7466_mod_mg2,prosthetic_group
formation_CPLX0-7643_mod_mg2,prosthetic_group
formation_CPLX0-7904_mod_ca2,prosthetic_group
formation_CYSTATHIONINE-BETA-LYASE-CPLX_mod_pydx5p,prosthetic_group
formation_DHHB-METHYLTRANSFER-CPLX_mod_zn2,prosthetic_group
formation_DHPDIOXYGEN-CPLX_mod_fe2,prosthetic_group
formation_GSP-CPLX_mod_mg2,prosthetic_group
formation_GUANYL-KIN-CPLX_mod_mg2,prosthetic_group
formation_LysII_RS_dim_mod_6:mg2,prosthetic_group
formation_LysII_RS_dim_mod_lys__L,prosthetic_group
formation_LYXK-CPLX_mod_mg2,prosthetic_group
formation_PDXK-CPLX_mod_zn2,prosthetic_group
formation_PDXK-CPLX_mod_mg2,prosthetic_group
formation_Ser_RS_dim_mod_mg2,prosthetic_group
formation_TYRB-DIMER_mod_pydx5p,prosthetic_group
formation_G6246-MONOMER_mod_mg2,prosthetic_group
formation_DIHYDROOROTOX-MONOMER_mod_fmn,prosthetic_group
formation_TDK-MONOMER_mod_mg2,prosthetic_group
formation_GARTRANSFORMYL2-MONOMER_mod_mg2,prosthetic_group
formation_UXAC-MONOMER_mod_zn2,prosthetic_group
formation_SPOT-MONOMER_mod_mn2,prosthetic_group
formation_6PFK-1-CPX_mod_mg2,prosthetic_group
formation_ASPAMINOTRANS-DIMER_mod_pydx5p,prosthetic_group
formation_BRANCHED-CHAINAMINOTRANSFER-CPLX_mod_pydx5p,prosthetic_group
formation_USHA-MONOMER_mod_cobalt2,prosthetic_group
formation_CMPKI-MONOMER_mod_mg2,prosthetic_group
formation_MiaB_mono_mod_1:4fe4s,prosthetic_group
formation_RumB_mono_mod_1:4fe4s,prosthetic_group
formation_RumA_mono_mod_1:4fe4s,prosthetic_group
formation_rpL7/12_mod_1:acetyl,prosthetic_group
formation_Def_mono_mod_1:fe2,prosthetic_group
formation_Map_mono_mod_2:fe2,prosthetic_group
formation_Mfd_mono_mod_1:mg2,prosthetic_group
formation_Rnb_mono_mod_1:mg2,prosthetic_group
formation_RluD_mono_mod_1:mg2,prosthetic_group
formation_RpoZ_mono_mod_1:mg2,prosthetic_group
formation_RNase_III_dim_mod_2:mg2,prosthetic_group
formation_RNase_P_cplx_mod_2:mg2,prosthetic_group
formation_Orn_dim_mod_2:mg2,prosthetic_group
formation_MiaA_dim_mod_2:mg2,prosthetic_group
formation_Rho_hexa_mod_3:mg2,prosthetic_group
formation_RNase_T_dim_mod_4:mg2,prosthetic_group
formation_Rnd_mono_mod_5:mg2,prosthetic_group
formation_hRNAP_mod_1:zn2_mod_2:mg2,prosthetic_group
formation_RNase_E_tetra_mod_2:zn2,prosthetic_group
formation_RrmA_dim_mod_2:zn2,prosthetic_group
formation_RNase_BN_dim_mod_2:zn2,prosthetic_group
formation_TadA_dim_mod_2:zn2,prosthetic_group
formation_DnaJ_dim_mod_4:zn2,prosthetic_group
formation_Tgt_hexa_mod_6:zn2,prosthetic_group
formation_RlmN_mono_mod_1:4fe4s,prosthetic_group
formation_MnmC_mono_mod_fad,prosthetic_group
formation_MnmEG_cplx_mod_fad_mod_2:k,prosthetic_group
formation_Rph_mono_mod_mg2,prosthetic_group
formation_NAPAB-CPLX_NAPC-MONOMER_mod_bmocogdp,prosthetic_group
formation_NAP-CPLX_mod_bmocogdp,prosthetic_group
formation_CPLX0-7838_CPLX0-7839_mod_pydx5p,prosthetic_group
formation_GLUCDEHYDROG-MONOMER_mod_pqq,prosthetic_group
formation_CPLX0-246_CPLX0-1342_mod_pydx5p,prosthetic_group
formation_IscS_mod_2:pydx5p,prosthetic_group
formation_YdaO_dim_mod_4fe4s,prosthetic_group
formation_ATPSYN-CPLX_EG10106-MONOMER_mod_mg2,prosthetic_group
formation_QueG_mono_mod_2:4fe4s,prosthetic_group
formation_PYRUVFORMLY-INACTIVE-CPLX_mod_glycyl,prosthetic_group
formation_PYRUVFORMLY-MONOMER_EG11784-MONOMER_mod_glycyl,prosthetic_group
formation_KETOBUTFORMLY-INACT-MONOMER_mod_glycyl,prosthetic_group
formation_EG11910-MONOMER_dimer_EG11911-MONOMER_mod_glycyl,prosthetic_group
formation_ADCLY-CPLX_mod_pydx5p,prosthetic_group
formation_CYT-O-UBIOX-CPLX_mod_pheme_mod_hemeO_mod_cu2,prosthetic_group
formation_ribosome,prosthetic_group
formation_2OXOGLUTARATEDEH-CPLX_mod_mg2_mod_lipoalt,prosthetic_group
formation_PYRUVATEDEH-CPLX_mod_mg2_mod_fad_mod_thmpp_mod_lipoalt,prosthetic_group
formation_GCVMULTI-CPLX_mod_lipoalt,prosthetic_group
EX_ca2_e,env
EX_cl_e,env
EX_co2_e,env
EX_cobalt2_e,env
EX_cu2_e,env
EX_fe2_e,env
EX_fe3_e,env
EX_h_e,env
EX_h2o_e,env
EX_k_e,env
EX_mg2_e,env
EX_mn2_e,env
EX_mobd_e,env
EX_na1_e,env
EX_nh4_e,env
EX_ni2_e,env
EX_o2_e,env
EX_pi_e,env
EX_sel_e,env
EX_slnt_e,env
EX_so4_e,env
EX_tungs_e,env
EX_zn2_e,env
EX_LI_c,env
EX_cs_e,env
EX_tl_c,env
EX_RNase_m5,env
EX_RNase_m16,env
EX_RNase_m23,env
EX_glc__D_e,env
EX_ac_e,env
EX_lcts_e,env
EX_glyc_e,env
EX_arg__L_e,env
EX_no3_e,env
EX_succ_e,env
biomass_dilution,mu
